Date,Volume,Price,Trades,High,Low,Open,Close,Open-shifted
2016-02-20,15303.0,91144668.0,8.0,5956.0,5956.0,6209.0,5956.0,6269.0
2016-02-22,13161.0,77636739.0,8.0,5899.0,5899.0,6158.0,5899.0,6209.0
2016-02-29,2006.0,11737106.0,5.0,5851.0,5851.0,6150.0,5851.0,6158.0
2016-03-02,187.0,1092641.0,1.0,5843.0,5843.0,6149.0,5843.0,6150.0
2016-03-07,196.0,1145032.0,2.0,5842.0,5842.0,6148.0,5842.0,6149.0
2016-03-14,172.0,1004652.0,1.0,5841.0,5841.0,6147.0,5841.0,6148.0
2016-03-15,672.0,3924480.0,2.0,5840.0,5840.0,6144.0,5840.0,6147.0
2016-04-04,1000.0,5837000.0,2.0,5837.0,5837.0,6140.0,5837.0,6144.0
2016-04-05,2206.0,12867598.0,2.0,5833.0,5833.0,6132.0,5833.0,6140.0
2016-04-06,2000.0,11652000.0,2.0,5826.0,5826.0,6124.0,5826.0,6132.0
2016-04-09,1416.0,8238288.0,3.0,5818.0,5818.0,6119.0,5818.0,6124.0
2016-04-10,1000.0,5814000.0,1.0,5814.0,5814.0,6115.0,5814.0,6119.0
2016-04-11,1173.0,6815130.0,2.0,5810.0,5810.0,6111.0,5810.0,6115.0
2016-04-12,81750.0,474640500.0,18.0,5806.0,5806.0,5806.0,5806.0,6111.0
2016-04-13,23800.0,131280800.0,2.0,5516.0,5516.0,5721.0,5516.0,5806.0
2016-04-16,4000.0,21740000.0,1.0,5435.0,5435.0,5708.0,5435.0,5721.0
2016-04-17,1000.0,5423000.0,1.0,5423.0,5423.0,5705.0,5423.0,5708.0
2016-04-18,1605.0,8699100.0,4.0,5420.0,5420.0,5700.0,5420.0,5705.0
2016-04-19,200.0,1083000.0,1.0,5415.0,5415.0,5699.0,5415.0,5700.0
2016-04-20,1000.0,5415000.0,1.0,5415.0,5415.0,5696.0,5415.0,5699.0
2016-04-23,4000.0,21648000.0,7.0,5412.0,5412.0,5683.0,5412.0,5696.0
2016-04-24,586.0,3163814.0,4.0,5399.0,5399.0,5681.0,5399.0,5683.0
2016-04-26,53424.0,288329328.0,7.0,5397.0,5397.0,5508.0,5397.0,5681.0
2016-04-27,371172.0,1983059247.0,93.0,5550.0,5237.0,5343.0,5548.0,5508.0
2016-04-30,295725.0,1658336457.0,76.0,5610.0,5401.0,5608.0,5610.0,5343.0
2016-05-01,199742.0,1110604898.0,49.0,5754.0,5391.0,5560.0,5393.0,5608.0
2016-05-02,84452.0,446771176.0,40.0,5410.0,5282.0,5317.0,5282.0,5560.0
2016-05-03,11243.0,58326065.0,7.0,5374.0,5115.0,5301.0,5299.0,5317.0
2016-05-04,93395.0,485454884.0,30.0,5300.0,5126.0,5198.0,5204.0,5301.0
2016-05-07,63451.0,321893737.0,24.0,5440.0,5000.0,5116.0,5000.0,5198.0
2016-05-08,41335.0,209502016.0,20.0,5370.0,5000.0,5096.0,5045.0,5116.0
2016-05-09,25243.0,129836436.0,11.0,5300.0,5046.0,5108.0,5105.0,5096.0
2016-05-10,88461.0,473499594.0,21.0,5363.0,5240.0,5333.0,5363.0,5108.0
2016-05-11,24274.0,130191464.0,13.0,5395.0,5333.0,5341.0,5395.0,5333.0
2016-05-14,35112.0,186685505.0,25.0,5457.0,5202.0,5332.0,5430.0,5341.0
2016-05-15,1021.0,5227331.0,2.0,5120.0,5111.0,5330.0,5111.0,5332.0
2016-05-16,205883.0,1121440311.0,35.0,5596.0,5397.0,5447.0,5596.0,5330.0
2016-05-17,209551.0,1198422169.0,38.0,5719.0,5719.0,5719.0,5719.0,5447.0
2016-05-18,105426.0,582698493.0,30.0,5810.0,5435.0,5527.0,5451.0,5719.0
2016-05-21,66955.0,370064735.0,13.0,5530.0,5522.0,5527.0,5530.0,5527.0
2016-05-23,10752.0,56883192.0,7.0,5520.0,5255.0,5499.0,5255.0,5527.0
2016-05-24,43520.0,233459626.0,10.0,5390.0,5255.0,5434.0,5264.0,5499.0
2016-05-25,271445.0,1434350963.0,82.0,5689.0,5180.0,5284.0,5400.0,5434.0
2016-05-28,20365.0,104007390.0,9.0,5340.0,5100.0,5246.0,5340.0,5284.0
2016-05-29,106837.0,540158129.0,46.0,5350.0,4984.0,5056.0,5100.0,5246.0
2016-05-30,43665.0,223030413.0,19.0,5240.0,5000.0,5080.0,5101.0,5056.0
2016-05-31,1905857.0,9693958951.0,234.0,5334.0,5001.0,5086.0,5333.0,5080.0
2016-06-11,7000.0,31864000.0,2.0,4552.0,4552.0,4349.0,4552.0,4336.0
2016-06-12,16650.0,76023900.0,5.0,4566.0,4566.0,4380.0,4566.0,4349.0
2016-06-13,1075.0,4943925.0,4.0,4599.0,4599.0,4382.0,4599.0,4380.0
2016-06-14,700.0,3220700.0,3.0,4601.0,4601.0,4383.0,4601.0,4382.0
2016-06-15,618.0,2844036.0,2.0,4602.0,4602.0,4384.0,4602.0,4383.0
2016-06-18,369.0,1698507.0,2.0,4603.0,4603.0,4385.0,4603.0,4384.0
2016-06-19,6315.0,29074260.0,9.0,4604.0,4604.0,4397.0,4604.0,4385.0
2016-06-20,3261.0,15052776.0,2.0,4616.0,4616.0,4403.0,4616.0,4397.0
2016-06-21,417.0,1927791.0,2.0,4623.0,4623.0,4404.0,4623.0,4403.0
2016-06-22,400.0,1849600.0,3.0,4624.0,4624.0,4405.0,4624.0,4404.0
2016-06-25,113507.0,524969875.0,9.0,4625.0,4625.0,4625.0,4625.0,4405.0
2016-06-26,113507.0,551160592.0,28.0,4856.0,4850.0,4856.0,4856.0,4625.0
2016-06-28,113507.0,578658686.0,9.0,5098.0,5098.0,5098.0,5098.0,4856.0
2016-06-29,513247.0,2701783421.0,78.0,5352.0,5098.0,5264.0,5101.0,5098.0
2016-07-02,201343.0,1060146541.0,64.0,5495.0,5110.0,5265.0,5333.0,5264.0
2016-07-03,139428.0,721255270.0,40.0,5333.0,5100.0,5173.0,5192.0,5265.0
2016-07-04,113063.0,578215986.0,22.0,5188.0,5098.0,5114.0,5098.0,5173.0
2016-07-05,129457.0,671473376.0,35.0,5273.0,5100.0,5187.0,5131.0,5114.0
2016-07-09,40465.0,215795664.0,14.0,5440.0,5111.0,5248.0,5420.0,5187.0
2016-07-10,20995.0,110123830.0,15.0,5350.0,5220.0,5247.0,5220.0,5248.0
2016-07-11,282217.0,1543812810.0,43.0,5509.0,5240.0,5470.0,5509.0,5247.0
2016-07-12,118318.0,678445351.0,55.0,5743.0,5620.0,5734.0,5740.0,5470.0
2016-07-13,116372.0,700043608.0,47.0,6020.0,5743.0,6016.0,6020.0,5734.0
2016-07-16,84112.0,531251392.0,24.0,6316.0,6316.0,6316.0,6316.0,6016.0
2016-07-17,296603.0,1949905808.0,124.0,6631.0,6400.0,6574.0,6400.0,6316.0
2016-07-18,96416.0,651618096.0,50.0,6900.0,6560.0,6758.0,6879.0,6574.0
2016-07-19,63235.0,429838282.0,34.0,6880.0,6700.0,6788.0,6700.0,6758.0
2016-07-20,62037.0,400114583.0,17.0,6450.0,6449.0,6535.0,6449.0,6788.0
2016-07-23,265210.0,1665627699.0,50.0,6600.0,6209.0,6280.0,6250.0,6535.0
2016-07-24,29847.0,193935182.0,8.0,6500.0,6444.0,6365.0,6500.0,6280.0
2016-07-25,23333.0,146883628.0,11.0,6500.0,6201.0,6344.0,6201.0,6365.0
2016-07-26,7880.0,50276600.0,7.0,6489.0,6202.0,6348.0,6399.0,6344.0
2016-07-27,29284.0,182713829.0,9.0,6395.0,6200.0,6306.0,6395.0,6348.0
2016-07-31,57519.0,359592202.0,15.0,6374.0,6140.0,6267.0,6344.0,6306.0
2016-08-01,166050.0,1081511109.0,49.0,6580.0,6390.0,6513.0,6580.0,6267.0
2016-08-02,44071.0,299736348.0,17.0,6838.0,6621.0,6673.0,6835.0,6513.0
2016-08-03,148612.0,1031145076.0,66.0,7006.0,6887.0,6939.0,7006.0,6673.0
2016-08-06,101031.0,735820403.0,42.0,7285.0,7219.0,7283.0,7284.0,6939.0
2016-08-07,47788.0,363249192.0,29.0,7647.0,7310.0,7494.0,7400.0,7283.0
2016-08-08,13266.0,95182282.0,12.0,7310.0,7120.0,7435.0,7120.0,7494.0
2016-08-09,98127.0,715284794.0,32.0,7789.0,7064.0,7289.0,7064.0,7435.0
2016-08-10,43070.0,300984867.0,35.0,7243.0,6935.0,7109.0,6935.0,7289.0
2016-08-13,177496.0,1279432798.0,62.0,7440.0,6800.0,7208.0,7440.0,7109.0
2016-08-14,12000.0,90670000.0,2.0,7560.0,7555.0,7267.0,7560.0,7208.0
2016-08-15,25822.0,184810410.0,16.0,7499.0,7060.0,7227.0,7070.0,7267.0
2016-08-16,51951.0,379070613.0,20.0,7490.0,7000.0,7278.0,7000.0,7227.0
2016-08-17,46690.0,341280400.0,16.0,7440.0,7000.0,7299.0,7010.0,7278.0
2016-08-20,38017.0,275460349.0,21.0,7480.0,6935.0,7269.0,6935.0,7299.0
2016-08-21,51517.0,365026425.0,18.0,7365.0,6989.0,7131.0,7249.0,7269.0
2016-08-22,334122.0,2463615301.0,103.0,7487.0,7060.0,7373.0,7130.0,7131.0
2016-08-23,159825.0,1203293260.0,41.0,7631.0,7295.0,7529.0,7600.0,7373.0
2016-08-24,9550.0,68501000.0,5.0,7176.0,7160.0,7479.0,7160.0,7529.0
2016-08-27,150.0,1095000.0,1.0,7300.0,7300.0,7479.0,7300.0,7479.0
2016-08-31,3150.0,22383900.0,5.0,7106.0,7106.0,7461.0,7106.0,7479.0
2016-09-03,150.0,1063200.0,1.0,7088.0,7088.0,7460.0,7088.0,7461.0
2016-09-05,2500.0,17717500.0,3.0,7087.0,7087.0,7446.0,7087.0,7460.0
2016-09-07,150.0,1061100.0,1.0,7074.0,7074.0,7445.0,7074.0,7446.0
2016-09-10,150.0,1060950.0,1.0,7073.0,7073.0,7444.0,7073.0,7445.0
2016-09-11,150.0,1060800.0,1.0,7072.0,7072.0,7443.0,7072.0,7444.0
2016-09-13,190.0,1343490.0,1.0,7071.0,7071.0,7442.0,7071.0,7443.0
2016-09-14,200.0,1414000.0,1.0,7070.0,7070.0,7441.0,7070.0,7442.0
2016-09-17,2057062.0,14544717378.0,206.0,7500.0,7069.0,7071.0,7500.0,7441.0
2016-09-18,2354263.0,15835164226.0,244.0,7071.0,6719.0,6726.0,6719.0,7071.0
2016-09-19,134950.0,953005050.0,24.0,7062.0,7061.0,7062.0,7062.0,6726.0
2016-09-21,81761.0,601834306.0,32.0,7399.0,7080.0,7361.0,7299.0,7062.0
2016-09-24,105827.0,773590098.0,26.0,7699.0,7062.0,7310.0,7062.0,7361.0
2016-09-25,26290.0,183077475.0,17.0,7310.0,6955.0,7176.0,6955.0,7310.0
2016-09-26,526032.0,3884479584.0,124.0,7534.0,6818.0,7384.0,7534.0,7176.0
2016-09-27,305567.0,2368921951.0,76.0,7753.0,7740.0,7753.0,7753.0,7384.0
2016-09-28,377768.0,3071850240.0,110.0,8140.0,8060.0,8132.0,8140.0,7753.0
2016-10-01,195042.0,1658968288.0,91.0,8538.0,8301.0,8506.0,8537.0,8132.0
2016-10-02,66217.0,535101577.0,29.0,8082.0,8081.0,8081.0,8081.0,8506.0
2016-10-03,488777.0,3858025842.0,137.0,8458.0,7677.0,7893.0,7677.0,8081.0
2016-10-04,54956.0,437145932.0,26.0,8237.0,7750.0,7948.0,7830.0,7893.0
2016-10-05,82951.0,663574936.0,37.0,8189.0,7800.0,8000.0,8163.0,7948.0
2016-10-08,97302.0,780304900.0,51.0,8398.0,7790.0,8019.0,8000.0,8000.0
2016-10-09,96095.0,772996172.0,33.0,8358.0,7850.0,8044.0,8295.0,8019.0
2016-10-10,214894.0,1805637920.0,77.0,8446.0,8100.0,8402.0,8445.0,8044.0
2016-10-15,138915.0,1204195542.0,64.0,8822.0,8462.0,8669.0,8800.0,8402.0
2016-10-16,58515.0,527163645.0,21.0,9099.0,8700.0,9003.0,9097.0,8669.0
2016-10-17,56917.0,525228868.0,21.0,9385.0,9000.0,9218.0,9200.0,9003.0
2016-10-18,73110.0,677617600.0,31.0,9500.0,8910.0,9268.0,9466.0,9218.0
2016-10-19,44008.0,399002700.0,25.0,9329.0,8816.0,9119.0,9320.0,9268.0
2016-10-22,33967.0,308037297.0,25.0,9400.0,8670.0,9088.0,8670.0,9119.0
2016-10-23,32360.0,292617881.0,26.0,9299.0,8634.0,9061.0,9178.0,9088.0
2016-10-24,290360.0,2526466107.0,105.0,9198.0,8608.0,8701.0,8650.0,9061.0
2016-10-25,151574.0,1366249705.0,62.0,9097.0,8511.0,9014.0,9070.0,8701.0
2016-10-26,112522.0,1036423504.0,37.0,9450.0,9114.0,9211.0,9399.0,9014.0
2016-10-29,39245.0,367702750.0,8.0,9430.0,9349.0,9326.0,9430.0,9211.0
2016-10-30,35350.0,315753000.0,9.0,9300.0,8910.0,9070.0,9300.0,9326.0
2016-10-31,70492.0,651210622.0,28.0,9298.0,9100.0,9238.0,9298.0,9070.0
2016-11-01,42000.0,391872200.0,8.0,9363.0,9275.0,9309.0,9289.0,9238.0
2016-11-02,49000.0,455500068.0,12.0,9310.0,9290.0,9297.0,9294.0,9309.0
2016-11-05,13250.0,122168470.0,6.0,9280.0,9000.0,9278.0,9275.0,9297.0
2016-11-06,2500.0,23199000.0,2.0,9280.0,9279.0,9278.0,9280.0,9278.0
2016-11-08,56000.0,494120000.0,4.0,8900.0,8816.0,8824.0,8816.0,9278.0
2016-11-09,27824.0,234336748.0,17.0,8969.0,8383.0,8616.0,8969.0,8824.0
2016-11-12,30000.0,268626932.0,13.0,9046.0,8186.0,8791.0,9040.0,8616.0
2016-11-13,1000.0,9093000.0,1.0,9093.0,9093.0,8796.0,9093.0,8791.0
2016-11-14,1000.0,8358000.0,2.0,8358.0,8358.0,8788.0,8358.0,8796.0
2016-11-19,50113.0,450961350.0,4.0,8999.0,8950.0,8974.0,8950.0,8788.0
2016-11-21,1787.0,15993650.0,5.0,8950.0,8950.0,8973.0,8950.0,8974.0
2016-11-22,10500.0,94185000.0,3.0,8970.0,8970.0,8972.0,8970.0,8973.0
2016-11-23,48950.0,417249800.0,6.0,8524.0,8524.0,8587.0,8524.0,8972.0
2016-11-26,68962.0,565869400.0,13.0,8522.0,8158.0,8206.0,8158.0,8587.0
2016-11-27,656.0,5176682.0,6.0,8200.0,7826.0,8202.0,7836.0,8206.0
2016-11-29,1120.0,9408000.0,3.0,8400.0,8400.0,8206.0,8400.0,8202.0
2016-12-03,423946.0,3312009024.0,78.0,8293.0,7796.0,7812.0,7796.0,8206.0
2016-12-04,60150.0,490184268.0,15.0,8177.0,7800.0,8145.0,8166.0,7812.0
2016-12-05,63093.0,537355679.0,26.0,8522.0,8499.0,8517.0,8522.0,8145.0
2016-12-06,89267.0,774582444.0,33.0,8899.0,8500.0,8677.0,8883.0,8517.0
2016-12-07,208632.0,1879579381.0,70.0,9110.0,8701.0,9009.0,9110.0,8677.0
2016-12-10,34446.0,309272982.0,17.0,9110.0,8702.0,8990.0,9090.0,9009.0
2016-12-11,93920.0,827532944.0,28.0,9079.0,8600.0,8811.0,9019.0,8990.0
2016-12-12,34081.0,303345763.0,21.0,9000.0,8371.0,8866.0,8811.0,8811.0
2016-12-13,155305.0,1417644545.0,67.0,9309.0,8870.0,9128.0,9309.0,8866.0
2016-12-14,66003.0,632464952.0,42.0,9584.0,9450.0,9582.0,9584.0,9128.0
2016-12-18,135434.0,1362532474.0,67.0,10061.0,10000.0,10060.0,10061.0,9582.0
2016-12-19,131966.0,1263836590.0,42.0,10001.0,9557.0,9577.0,9980.0,10060.0
2016-12-20,96698.0,963883919.0,42.0,10000.0,9540.0,9968.0,9900.0,9577.0
2016-12-21,22970.0,220357743.0,23.0,9799.0,9500.0,9803.0,9500.0,9968.0
2016-12-24,5900.0,56906728.0,9.0,9900.0,9480.0,9785.0,9480.0,9803.0
2016-12-25,24952.0,232707792.0,10.0,9722.0,9296.0,9561.0,9722.0,9785.0
2016-12-26,3501.0,32228421.0,7.0,9211.0,9200.0,9537.0,9200.0,9561.0
2016-12-28,2000.0,18308000.0,1.0,9154.0,9154.0,9522.0,9154.0,9537.0
2016-12-31,3000.0,27398000.0,3.0,9154.0,9122.0,9500.0,9122.0,9522.0
2017-01-01,20898.0,188728786.0,16.0,9307.0,9025.0,9313.0,9025.0,9500.0
2017-01-02,2700.0,23889600.0,9.0,8848.0,8848.0,9289.0,8848.0,9313.0
2017-01-03,3615.0,31914875.0,5.0,8850.0,8825.0,9257.0,8825.0,9289.0
2017-01-04,817.0,7302749.0,5.0,9300.0,8795.0,9252.0,9300.0,9257.0
2017-01-07,170.0,1581000.0,1.0,9300.0,9300.0,9252.0,9300.0,9252.0
2017-01-08,13057.0,118787030.0,8.0,9300.0,8790.0,9215.0,9300.0,9252.0
2017-01-09,15130.0,142290000.0,9.0,9672.0,9400.0,9268.0,9672.0,9215.0
2017-01-11,3450.0,32598500.0,6.0,9550.0,8805.0,9280.0,9550.0,9268.0
2017-01-14,156850.0,1519029734.0,75.0,9744.0,8816.0,9685.0,9740.0,9280.0
2017-01-15,118744.0,1189166966.0,51.0,10169.0,9744.0,10015.0,10144.0,9685.0
2017-01-16,50880.0,523233784.0,30.0,10500.0,9651.0,10269.0,10420.0,10015.0
2017-01-17,12022.0,119162510.0,14.0,10145.0,9756.0,10189.0,10090.0,10269.0
2017-01-18,5350.0,51788000.0,3.0,9680.0,9680.0,10138.0,9680.0,10189.0
2017-01-21,1150.0,11076800.0,2.0,9632.0,9632.0,10126.0,9632.0,10138.0
2017-01-22,2000.0,19240000.0,2.0,9620.0,9620.0,10105.0,9620.0,10126.0
2017-01-23,2000.0,19200000.0,2.0,9600.0,9600.0,10085.0,9600.0,10105.0
2017-01-28,200.0,1916200.0,1.0,9581.0,9581.0,10083.0,9581.0,10085.0
2017-01-29,2377.0,22769283.0,2.0,9579.0,9579.0,10059.0,9579.0,10083.0
2017-01-30,200.0,1911400.0,1.0,9557.0,9557.0,10057.0,9557.0,10059.0
2017-01-31,200.0,1911000.0,1.0,9555.0,9555.0,10055.0,9555.0,10057.0
2017-02-01,200.0,1910600.0,1.0,9553.0,9553.0,10053.0,9553.0,10055.0
2017-02-21,110.0,1050610.0,1.0,9551.0,9551.0,10052.0,9551.0,10053.0
2017-03-08,105.0,1002750.0,1.0,9550.0,9550.0,10051.0,9550.0,10052.0
2017-03-11,105.0,1002645.0,1.0,9549.0,9549.0,10050.0,9549.0,10051.0
2017-03-12,105.0,1002540.0,1.0,9548.0,9548.0,10049.0,9548.0,10050.0
2017-03-13,305.0,2911835.0,2.0,9547.0,9547.0,10046.0,9547.0,10049.0
2017-03-14,105.0,1002120.0,1.0,9544.0,9544.0,10045.0,9544.0,10046.0
2017-03-15,105.0,1002015.0,1.0,9543.0,9543.0,10044.0,9543.0,10045.0
2017-03-25,105.0,1001910.0,1.0,9542.0,9542.0,10043.0,9542.0,10044.0
2017-03-26,20000.0,190820000.0,1.0,9541.0,9541.0,9841.0,9541.0,10043.0
2017-03-27,11796.0,110280804.0,8.0,9349.0,9349.0,9724.0,9349.0,9841.0
2017-03-28,26781.0,248400722.0,31.0,9997.0,9238.0,9483.0,9238.0,9724.0
2017-03-29,45800.0,452124116.0,18.0,9953.0,9410.0,9841.0,9410.0,9483.0
2017-04-03,3350.0,31319150.0,2.0,9349.0,9349.0,9809.0,9349.0,9841.0
2017-04-04,63843.0,618383206.0,33.0,9980.0,9319.0,9686.0,9698.0,9809.0
2017-04-05,218828.0,2130744895.0,63.0,10170.0,9202.0,9737.0,10000.0,9686.0
2017-04-08,162236.0,1648611643.0,60.0,10223.0,9951.0,10162.0,10200.0,9737.0
2017-04-09,70188.0,691703780.0,14.0,10200.0,9654.0,9855.0,9654.0,10162.0
2017-04-10,42160.0,394796805.0,23.0,9420.0,9363.0,9452.0,9363.0,9855.0
2017-04-12,123617.0,1119007237.0,59.0,9899.0,8980.0,9052.0,8980.0,9452.0
2017-04-15,54362.0,478198632.0,21.0,9299.0,8600.0,8801.0,8600.0,9052.0
2017-04-16,2180.0,18335980.0,2.0,8411.0,8411.0,8786.0,8411.0,8801.0
2017-04-17,29682.0,247788390.0,26.0,8353.0,8347.0,8551.0,8347.0,8786.0
2017-04-18,104204.0,847043801.0,49.0,8644.0,8124.0,8129.0,8124.0,8551.0
2017-04-19,3520.0,29015820.0,5.0,8498.0,8210.0,8136.0,8210.0,8129.0
2017-04-22,213925.0,1659649394.0,103.0,8110.0,7730.0,7758.0,7730.0,8136.0
2017-04-23,28049.0,214490069.0,27.0,7870.0,7444.0,7707.0,7444.0,7758.0
2017-04-24,45953.0,342705219.0,36.0,8000.0,7400.0,7521.0,7501.0,7707.0
2017-04-26,40324.0,318329005.0,30.0,7897.0,7556.0,7766.0,7897.0,7521.0
2017-04-29,50101.0,403552888.0,45.0,8154.0,7800.0,7991.0,7860.0,7766.0
2017-04-30,22901.0,181538468.0,30.0,8100.0,7600.0,7968.0,8038.0,7991.0
2017-05-01,20691.0,160810171.0,32.0,8300.0,7679.0,7905.0,7999.0,7968.0
2017-05-02,3416.0,26567656.0,21.0,7898.0,7650.0,7898.0,7890.0,7905.0
2017-05-03,20585.0,159671749.0,33.0,7825.0,7620.0,7853.0,7671.0,7898.0
2017-05-06,36395.0,287996262.0,20.0,8218.0,7800.0,7887.0,7999.0,7853.0
2017-05-07,27826.0,216787692.0,24.0,8050.0,7680.0,7845.0,7771.0,7887.0
2017-05-08,17989.0,137323407.0,13.0,8050.0,7510.0,7785.0,7870.0,7845.0
2017-05-09,62603.0,498793316.0,28.0,8050.0,7750.0,7965.0,8050.0,7785.0
2017-05-10,130528.0,1072643922.0,45.0,8350.0,8060.0,8218.0,8325.0,7965.0
2017-05-13,9186.0,74793482.0,14.0,8319.0,7950.0,8207.0,8200.0,8218.0
2017-05-14,3651.0,29474690.0,16.0,8150.0,8010.0,8199.0,8010.0,8207.0
2017-05-15,299545.0,2335657516.0,61.0,8150.0,7790.0,7797.0,7791.0,8199.0
2017-05-16,1742907.0,13653120976.0,175.0,8180.0,7822.0,7834.0,7840.0,7797.0
2017-05-17,102630.0,826714851.0,23.0,8146.0,7720.0,8055.0,8120.0,7834.0
2017-05-20,2554632.0,20594770561.0,150.0,8457.0,7751.0,8062.0,8057.0,8055.0
2017-05-21,1346022.0,10752002059.0,143.0,8299.0,7900.0,7988.0,8180.0,8062.0
2017-05-22,4121449.0,34566592763.0,205.0,8387.0,8387.0,8387.0,8387.0,7988.0
2017-05-23,103681.0,913014886.0,17.0,8806.0,8806.0,8806.0,8806.0,8387.0
2017-05-24,62234.0,575415564.0,24.0,9246.0,9246.0,9246.0,9246.0,8806.0
2017-05-27,61829.0,600235932.0,19.0,9708.0,9708.0,9708.0,9708.0,9246.0
2017-05-28,8573169.0,87386227863.0,593.0,10193.0,10190.0,10193.0,10193.0,9708.0
2017-05-29,9381742.0,96376871006.0,1240.0,10702.0,9684.0,10273.0,9684.0,10193.0
2017-05-30,357125.0,3485540000.0,29.0,9760.0,9760.0,9760.0,9760.0,10273.0
2017-05-31,74414.0,689966608.0,22.0,9272.0,9272.0,9272.0,9272.0,9760.0
2017-06-03,96863.0,853266167.0,19.0,8809.0,8809.0,8809.0,8809.0,9272.0
2017-06-06,4766899.0,40465686629.0,773.0,8849.0,8369.0,8489.0,8640.0,8809.0
2017-06-07,1657780.0,13571454831.0,532.0,8727.0,8065.0,8187.0,8065.0,8489.0
2017-06-10,2138212.0,17225033955.0,851.0,8442.0,7806.0,8056.0,7849.0,8187.0
2017-06-11,899061.0,7144691836.0,345.0,8139.0,7812.0,7947.0,7886.0,8056.0
2017-06-12,1263346.0,9614011611.0,411.0,7982.0,7550.0,7610.0,7550.0,7947.0
2017-06-13,1311922.0,9936316815.0,478.0,7898.0,7410.0,7574.0,7599.0,7610.0
2017-06-14,1216106.0,8953478191.0,544.0,7750.0,7222.0,7362.0,7380.0,7574.0
2017-06-17,1312947.0,9999404652.0,511.0,7727.0,7222.0,7616.0,7665.0,7362.0
2017-06-18,702377.0,5145685056.0,265.0,7840.0,7237.0,7326.0,7300.0,7616.0
2017-06-19,2117787.0,14819931330.0,658.0,7237.0,6960.0,6998.0,6980.0,7326.0
2017-06-28,828491.0,5582689886.0,203.0,6868.0,6633.0,6738.0,6760.0,6348.0
2017-07-01,585670.0,4065369841.0,220.0,7073.0,6777.0,6941.0,6850.0,6738.0
2017-07-02,337711.0,2280281090.0,147.0,7000.0,6680.0,6752.0,6720.0,6941.0
2017-07-03,421029.0,2830831301.0,164.0,6988.0,6600.0,6724.0,6617.0,6752.0
2017-07-04,594221.0,3906296579.0,229.0,6938.0,6481.0,6574.0,6580.0,6724.0
2017-07-05,177269.0,1172405702.0,96.0,6698.0,6530.0,6614.0,6600.0,6574.0
2017-07-08,507277.0,3300714562.0,215.0,6590.0,6400.0,6507.0,6400.0,6614.0
2017-07-09,671686.0,4257039156.0,262.0,6520.0,6300.0,6338.0,6500.0,6507.0
2017-07-10,675661.0,4480411937.0,254.0,6654.0,6410.0,6631.0,6654.0,6338.0
2017-07-11,301375.0,1991959340.0,138.0,6795.0,6501.0,6610.0,6600.0,6631.0
2017-07-12,169076.0,1111717292.0,112.0,6699.0,6440.0,6575.0,6650.0,6610.0
2017-07-15,390831.0,2552219133.0,289.0,6750.0,6350.0,6530.0,6599.0,6575.0
2017-07-16,338134.0,2176916065.0,250.0,6689.0,6356.0,6438.0,6400.0,6530.0
2017-07-17,649746.0,4169826251.0,210.0,6570.0,6306.0,6418.0,6500.0,6438.0
2017-07-18,359269.0,2330420811.0,152.0,6559.0,6350.0,6487.0,6521.0,6418.0
2017-07-19,314461.0,2068501124.0,206.0,6650.0,6471.0,6578.0,6479.0,6487.0
2017-07-22,831825.0,5615974729.0,396.0,6901.0,6500.0,6751.0,6800.0,6578.0
2017-07-23,455804.0,3117641259.0,208.0,6950.0,6730.0,6840.0,6900.0,6751.0
2017-07-24,599167.0,4075848305.0,276.0,6894.0,6719.0,6803.0,6800.0,6840.0
2017-07-25,387046.0,2617017955.0,229.0,6877.0,6620.0,6762.0,6700.0,6803.0
2017-07-26,296582.0,1949727415.0,128.0,6744.0,6501.0,6574.0,6600.0,6762.0
2017-07-29,284106.0,1838613330.0,134.0,6690.0,6401.0,6472.0,6481.0,6574.0
2017-07-30,167406.0,1084551717.0,91.0,6550.0,6414.0,6479.0,6461.0,6472.0
2017-07-31,472741.0,3084260826.0,157.0,6600.0,6460.0,6524.0,6460.0,6479.0
2017-08-01,298737.0,2046348450.0,57.0,6850.0,6850.0,6850.0,6850.0,6524.0
2017-08-02,141618.0,1018516656.0,46.0,7192.0,7192.0,7192.0,7192.0,6850.0
2017-08-06,2578247.0,19020432109.0,870.0,7551.0,7000.0,7377.0,7080.0,7192.0
2017-08-07,1159536.0,8136864522.0,480.0,7187.0,7009.0,7017.0,7009.0,7377.0
2017-08-08,518052.0,3594058009.0,211.0,7100.0,6830.0,6938.0,6949.0,7017.0
2017-08-09,274505.0,1937206664.0,122.0,7198.0,6880.0,7057.0,7094.0,6938.0
2017-08-12,122918.0,847179471.0,104.0,7084.0,6820.0,6892.0,6846.0,7057.0
2017-08-13,162945.0,1084484239.0,109.0,6869.0,6600.0,6656.0,6621.0,6892.0
2017-08-14,93108.0,625222436.0,109.0,6790.0,6620.0,6715.0,6780.0,6656.0
2017-08-15,324211.0,2170808366.0,133.0,6900.0,6600.0,6696.0,6675.0,6715.0
2017-08-16,261688.0,1724825260.0,174.0,6688.0,6522.0,6591.0,6600.0,6696.0
2017-08-19,308660.0,2059156576.0,106.0,6800.0,6600.0,6671.0,6788.0,6591.0
2017-08-20,239156.0,1585261378.0,89.0,6790.0,6530.0,6629.0,6650.0,6671.0
2017-08-21,270857.0,1773815521.0,120.0,6800.0,6481.0,6549.0,6620.0,6629.0
2017-08-22,64576.0,421940801.0,58.0,6630.0,6483.0,6536.0,6511.0,6549.0
2017-08-23,86956.0,571266536.0,50.0,6650.0,6487.0,6570.0,6550.0,6536.0
2017-08-26,205622.0,1341726971.0,129.0,6649.0,6480.0,6525.0,6520.0,6570.0
2017-08-27,499391.0,3356079908.0,191.0,6851.0,6510.0,6720.0,6851.0,6525.0
2017-08-28,573923.0,4012100424.0,174.0,7056.0,6721.0,6991.0,6894.0,6720.0
2017-08-29,686060.0,4634861423.0,248.0,7000.0,6642.0,6756.0,6900.0,6991.0
2017-08-30,159974.0,1085062740.0,87.0,6930.0,6710.0,6783.0,6710.0,6756.0
2017-09-02,146051.0,970199214.0,77.0,6849.0,6600.0,6643.0,6610.0,6783.0
2017-09-03,109349.0,726624254.0,68.0,6750.0,6580.0,6645.0,6615.0,6643.0
2017-09-04,83141.0,551576126.0,63.0,6739.0,6604.0,6634.0,6620.0,6645.0
2017-09-05,100495.0,668386681.0,69.0,6748.0,6620.0,6651.0,6681.0,6634.0
2017-09-06,47795.0,314875828.0,61.0,6632.0,6570.0,6610.0,6571.0,6651.0
2017-09-10,265253.0,1733843120.0,142.0,6790.0,6350.0,6537.0,6572.0,6610.0
2017-09-11,115889.0,762642096.0,36.0,6743.0,6470.0,6581.0,6600.0,6537.0
2017-09-12,38692.0,250671474.0,54.0,6688.0,6452.0,6529.0,6529.0,6581.0
2017-09-13,145548.0,938002003.0,122.0,6570.0,6396.0,6445.0,6396.0,6529.0
2017-09-16,93765.0,609585254.0,80.0,6638.0,6380.0,6501.0,6638.0,6445.0
2017-09-17,79134.0,520129947.0,41.0,6700.0,6520.0,6573.0,6638.0,6501.0
2017-09-18,101475.0,661219738.0,56.0,6685.0,6472.0,6516.0,6576.0,6573.0
2017-09-19,69260.0,447256205.0,88.0,6550.0,6411.0,6464.0,6550.0,6516.0
2017-09-20,180914.0,1156995802.0,115.0,6629.0,6350.0,6395.0,6370.0,6464.0
2017-09-23,149466.0,967671327.0,74.0,6529.0,6400.0,6474.0,6427.0,6395.0
2017-09-24,158284.0,1019809772.0,109.0,6683.0,6401.0,6443.0,6470.0,6474.0
2017-09-25,196266.0,1269053016.0,77.0,6500.0,6420.0,6466.0,6478.0,6443.0
2017-09-26,155440.0,996539690.0,106.0,6501.0,6370.0,6411.0,6383.0,6466.0
2017-09-27,140753.0,906998945.0,90.0,6660.0,6400.0,6444.0,6450.0,6411.0
2017-10-02,314411.0,1985303229.0,138.0,6500.0,6156.0,6314.0,6230.0,6444.0
2017-10-03,142878.0,884522416.0,79.0,6277.0,6156.0,6191.0,6277.0,6314.0
2017-10-04,233355.0,1441654699.0,97.0,6379.0,6150.0,6178.0,6152.0,6191.0
2017-10-07,183159.0,1102137895.0,138.0,6269.0,5870.0,6017.0,5881.0,6178.0
2017-10-08,749538.0,4295163890.0,248.0,5871.0,5717.0,5730.0,5717.0,6017.0
2017-10-09,102200.0,578931702.0,97.0,5800.0,5600.0,5665.0,5651.0,5730.0
2017-10-10,54657.0,315775117.0,46.0,5927.0,5667.0,5741.0,5880.0,5665.0
2017-10-11,102918.0,597700602.0,48.0,5900.0,5757.0,5808.0,5850.0,5741.0
2017-10-14,32627.0,192523028.0,30.0,5999.0,5800.0,5843.0,5894.0,5808.0
2017-10-15,113008.0,679357215.0,71.0,6100.0,5937.0,6012.0,6021.0,5843.0
2017-10-16,106009.0,643985550.0,62.0,6249.0,6001.0,6075.0,6148.0,6012.0
2017-10-17,57477.0,342713206.0,32.0,6190.0,5908.0,6000.0,5911.0,6075.0
2017-10-18,65727.0,385477848.0,60.0,5950.0,5815.0,5897.0,5950.0,6000.0
2017-10-21,51282.0,301540938.0,49.0,6000.0,5811.0,5887.0,5897.0,5897.0
2017-10-22,135560.0,782093487.0,70.0,5820.0,5593.0,5769.0,5593.0,5887.0
2017-10-23,34983.0,199953448.0,36.0,5900.0,5660.0,5747.0,5795.0,5769.0
2017-10-24,53655.0,311041258.0,65.0,5900.0,5663.0,5779.0,5750.0,5747.0
2017-10-25,8511.0,49184750.0,12.0,5845.0,5750.0,5779.0,5845.0,5779.0
2017-10-28,104398.0,595849120.0,66.0,5750.0,5673.0,5707.0,5729.0,5779.0
2017-10-29,217526.0,1223163301.0,113.0,5731.0,5501.0,5623.0,5515.0,5707.0
2017-10-30,196096.0,1085334218.0,88.0,5690.0,5481.0,5535.0,5690.0,5623.0
2017-10-31,230194.0,1318600433.0,70.0,5800.0,5613.0,5728.0,5700.0,5535.0
2017-11-01,110036.0,632854047.0,40.0,5800.0,5700.0,5751.0,5700.0,5728.0
2017-11-04,280075.0,1651123958.0,116.0,5988.0,5712.0,5895.0,5988.0,5751.0
2017-11-06,77557.0,442373228.0,22.0,5750.0,5600.0,5704.0,5600.0,5895.0
2017-11-07,185539.0,1022946563.0,114.0,5690.0,5422.0,5513.0,5490.0,5704.0
2017-11-08,59205.0,328024095.0,56.0,5699.0,5460.0,5532.0,5503.0,5513.0
2017-11-11,170917.0,952188489.0,49.0,5638.0,5475.0,5571.0,5500.0,5532.0
2017-11-12,109612.0,601385242.0,70.0,5550.0,5442.0,5486.0,5500.0,5571.0
2017-11-13,145080.0,793934138.0,48.0,5502.0,5452.0,5472.0,5460.0,5486.0
2017-11-14,77178.0,420388823.0,43.0,5500.0,5411.0,5451.0,5450.0,5472.0
2017-11-15,50139.0,273222572.0,31.0,5488.0,5406.0,5450.0,5435.0,5451.0
2017-11-18,77020.0,416119976.0,40.0,5441.0,5373.0,5410.0,5439.0,5450.0
2017-11-20,202101.0,1090642005.0,53.0,5500.0,5366.0,5397.0,5430.0,5410.0
2017-11-21,153620.0,858402409.0,85.0,5666.0,5400.0,5588.0,5654.0,5397.0
2017-11-22,32520.0,180312565.0,36.0,5610.0,5449.0,5573.0,5590.0,5588.0
2017-11-25,75016.0,416681851.0,36.0,5595.0,5503.0,5558.0,5550.0,5573.0
2017-11-26,17748.0,98109460.0,15.0,5600.0,5520.0,5552.0,5520.0,5558.0
2017-11-28,78935.0,430659953.0,42.0,5600.0,5370.0,5467.0,5376.0,5552.0
2017-11-29,212854.0,1151765843.0,81.0,5480.0,5394.0,5411.0,5399.0,5467.0
2017-12-02,113576.0,624926190.0,68.0,5600.0,5391.0,5502.0,5391.0,5411.0
2017-12-03,35763.0,195843315.0,33.0,5572.0,5350.0,5492.0,5465.0,5502.0
2017-12-04,85807.0,466098370.0,53.0,5466.0,5399.0,5436.0,5438.0,5492.0
2017-12-05,68995.0,372379088.0,60.0,5431.0,5372.0,5407.0,5380.0,5436.0
2017-12-09,69733.0,376996154.0,43.0,5572.0,5379.0,5406.0,5393.0,5407.0
2017-12-10,138595.0,760256160.0,55.0,5593.0,5370.0,5485.0,5520.0,5406.0
2017-12-11,491024.0,2699742099.0,171.0,5656.0,5390.0,5498.0,5601.0,5485.0
2017-12-12,273956.0,1579567614.0,84.0,5772.0,5671.0,5766.0,5772.0,5498.0
2017-12-13,700133.0,4087212628.0,301.0,5953.0,5751.0,5838.0,5810.0,5766.0
2017-12-16,201860.0,1132453238.0,116.0,5731.0,5547.0,5610.0,5570.0,5838.0
2017-12-17,167485.0,912701052.0,116.0,5555.0,5401.0,5449.0,5417.0,5610.0
2017-12-18,183774.0,1002865482.0,159.0,5700.0,5350.0,5457.0,5651.0,5449.0
2017-12-19,39539.0,219549027.0,31.0,5700.0,5501.0,5501.0,5523.0,5457.0
2017-12-20,182697.0,993066633.0,66.0,5549.0,5390.0,5436.0,5400.0,5501.0
2017-12-23,73418.0,403768385.0,63.0,5600.0,5400.0,5491.0,5504.0,5436.0
2017-12-24,60603.0,332898085.0,51.0,5646.0,5410.0,5492.0,5500.0,5491.0
2017-12-25,55419.0,300573890.0,52.0,5579.0,5401.0,5451.0,5402.0,5492.0
2017-12-26,22398.0,122663810.0,43.0,5500.0,5451.0,5457.0,5489.0,5451.0
2017-12-27,58347.0,316036195.0,53.0,5489.0,5390.0,5431.0,5390.0,5457.0
2017-12-30,344240.0,1785419302.0,155.0,5345.0,5160.0,5187.0,5160.0,5431.0
2017-12-31,198928.0,980524256.0,61.0,4932.0,4928.0,4929.0,4928.0,5187.0
2018-01-01,268231.0,1275632212.0,108.0,4988.0,4702.0,4756.0,4711.0,4929.0
2018-01-02,213764.0,984260930.0,76.0,4850.0,4528.0,4604.0,4649.0,4756.0
2018-01-03,304758.0,1355472738.0,103.0,4540.0,4385.0,4448.0,4390.0,4604.0
2018-01-06,107923.0,502241717.0,59.0,4670.0,4463.0,4645.0,4670.0,4448.0
2018-01-07,153630.0,733113449.0,99.0,4847.0,4700.0,4772.0,4700.0,4645.0
2018-01-08,24824.0,116346790.0,36.0,4872.0,4605.0,4753.0,4820.0,4772.0
2018-01-09,14844.0,68844010.0,20.0,4770.0,4600.0,4738.0,4600.0,4753.0
2018-01-10,39378.0,182440891.0,28.0,4707.0,4515.0,4701.0,4550.0,4738.0
2018-01-13,77112.0,352371670.0,56.0,4797.0,4501.0,4606.0,4660.0,4701.0
2018-01-14,88325.0,402108021.0,50.0,4680.0,4510.0,4562.0,4550.0,4606.0
2018-01-15,108836.0,502445361.0,53.0,4678.0,4560.0,4617.0,4600.0,4562.0
2018-01-16,25583.0,117132124.0,34.0,4674.0,4550.0,4608.0,4588.0,4617.0
2018-01-17,163422.0,737596225.0,55.0,4600.0,4456.0,4513.0,4511.0,4608.0
2018-01-20,52726.0,235427658.0,38.0,4583.0,4430.0,4490.0,4460.0,4513.0
2018-01-21,102057.0,455922687.0,47.0,4520.0,4400.0,4469.0,4520.0,4490.0
2018-01-22,130853.0,574798407.0,61.0,4510.0,4350.0,4393.0,4363.0,4469.0
2018-01-23,33556.0,147753465.0,11.0,4450.0,4400.0,4396.0,4440.0,4393.0
2018-01-24,150145.0,663134530.0,67.0,4500.0,4300.0,4417.0,4500.0,4396.0
2018-01-27,30713.0,133905334.0,19.0,4479.0,4325.0,4402.0,4479.0,4417.0
2018-01-28,79854.0,354124774.0,43.0,4500.0,4399.0,4425.0,4459.0,4402.0
2018-01-29,127839.0,569817536.0,41.0,4560.0,4420.0,4457.0,4433.0,4425.0
2018-01-30,135158.0,599062002.0,34.0,4520.0,4400.0,4432.0,4451.0,4457.0
2018-01-31,57917.0,258454558.0,32.0,4547.0,4450.0,4448.0,4490.0,4432.0
2018-02-03,90814.0,403668154.0,27.0,4510.0,4420.0,4446.0,4504.0,4448.0
2018-02-04,94573.0,425097089.0,48.0,4537.0,4451.0,4487.0,4480.0,4446.0
2018-02-05,23100.0,103870630.0,26.0,4547.0,4455.0,4489.0,4520.0,4487.0
2018-02-06,55113.0,248470233.0,48.0,4555.0,4451.0,4499.0,4555.0,4489.0
2018-02-07,104376.0,472527840.0,47.0,4587.0,4500.0,4525.0,4587.0,4499.0
2018-02-10,17852.0,80470522.0,14.0,4608.0,4500.0,4522.0,4590.0,4525.0
2018-02-12,175244.0,824859235.0,77.0,4747.0,4650.0,4707.0,4681.0,4522.0
2018-02-13,87121.0,411580435.0,38.0,4800.0,4681.0,4721.0,4710.0,4707.0
2018-02-14,24900.0,115363349.0,25.0,4700.0,4611.0,4701.0,4679.0,4721.0
2018-02-17,15326.0,72667574.0,29.0,4764.0,4531.0,4707.0,4760.0,4701.0
2018-02-18,116255.0,531467285.0,42.0,4699.0,4485.0,4572.0,4485.0,4707.0
2018-02-19,244606.0,1079754552.0,45.0,4589.0,4401.0,4414.0,4401.0,4572.0
2018-02-21,84644.0,373888577.0,30.0,4520.0,4401.0,4417.0,4450.0,4414.0
2018-02-24,244531.0,1077086098.0,67.0,4500.0,4400.0,4405.0,4414.0,4417.0
2018-02-25,30296.0,135009206.0,17.0,4550.0,4400.0,4419.0,4413.0,4405.0
2018-02-26,54390.0,240024430.0,18.0,4550.0,4400.0,4416.0,4410.0,4419.0
2018-02-27,22114.0,97576700.0,12.0,4500.0,4400.0,4415.0,4500.0,4416.0
2018-02-28,110103.0,476089493.0,70.0,4402.0,4301.0,4327.0,4301.0,4415.0
2018-03-03,142919.0,605947576.0,72.0,4474.0,4156.0,4240.0,4164.0,4327.0
2018-03-04,55302.0,232901939.0,45.0,4452.0,4126.0,4226.0,4126.0,4240.0
2018-03-05,20445.0,84627931.0,24.0,4250.0,4120.0,4211.0,4220.0,4226.0
2018-03-06,16641.0,69535275.0,22.0,4244.0,4131.0,4206.0,4141.0,4211.0
2018-03-07,54692.0,226661106.0,26.0,4200.0,4141.0,4177.0,4141.0,4206.0
2018-03-10,34502.0,144091854.0,9.0,4219.0,4170.0,4177.0,4171.0,4177.0
2018-03-11,9773.0,41024720.0,13.0,4235.0,4170.0,4179.0,4235.0,4177.0
2018-03-12,11839.0,49989684.0,12.0,4320.0,4210.0,4183.0,4220.0,4179.0
2018-03-13,66580.0,280128240.0,21.0,4310.0,4200.0,4197.0,4200.0,4183.0
2018-03-14,76043.0,315835243.0,31.0,4278.0,4150.0,4169.0,4151.0,4197.0
2018-03-17,642.0,2664942.0,1.0,4151.0,4151.0,4169.0,4151.0,4169.0
2018-03-18,20114.0,84568250.0,17.0,4220.0,4200.0,4175.0,4200.0,4169.0
2018-03-19,9594.0,41076452.0,15.0,4374.0,4210.0,4184.0,4226.0,4175.0
2018-03-25,135218.0,586701583.0,21.0,4390.0,4170.0,4339.0,4210.0,4184.0
2018-03-26,538.0,2313400.0,3.0,4300.0,4300.0,4339.0,4300.0,4339.0
2018-03-27,109903.0,498813005.0,40.0,4555.0,4379.0,4523.0,4555.0,4339.0
2018-03-28,238397.0,1087626153.0,73.0,4650.0,4500.0,4562.0,4550.0,4523.0
2018-04-03,25883.0,118155395.0,12.0,4569.0,4460.0,4563.0,4460.0,4562.0
2018-04-04,7185.0,31812560.0,7.0,4498.0,4410.0,4554.0,4498.0,4563.0
2018-04-07,239017.0,1132673478.0,103.0,4781.0,4449.0,4739.0,4781.0,4554.0
2018-04-08,306589.0,1473146302.0,185.0,4965.0,4700.0,4805.0,4808.0,4739.0
2018-04-09,189214.0,867119318.0,73.0,4760.0,4565.0,4583.0,4565.0,4805.0
2018-04-10,132029.0,609682696.0,25.0,4680.0,4575.0,4618.0,4678.0,4583.0
2018-04-11,85458.0,380918982.0,43.0,4680.0,4400.0,4493.0,4400.0,4618.0
2018-04-15,15747.0,71488821.0,26.0,4630.0,4291.0,4500.0,4500.0,4493.0
2018-04-16,11305.0,48832695.0,13.0,4550.0,4280.0,4482.0,4515.0,4500.0
2018-04-17,38164.0,164856976.0,30.0,4580.0,4300.0,4426.0,4313.0,4482.0
2018-04-18,3476.0,15008850.0,7.0,4400.0,4300.0,4423.0,4400.0,4426.0
2018-04-21,11707.0,51293727.0,15.0,4449.0,4320.0,4419.0,4327.0,4423.0
2018-04-22,97852.0,418701079.0,54.0,4449.0,4230.0,4298.0,4260.0,4419.0
2018-04-23,32176.0,137183353.0,21.0,4360.0,4235.0,4288.0,4235.0,4298.0
2018-04-24,47685.0,208546259.0,36.0,4490.0,4206.0,4324.0,4400.0,4288.0
2018-04-25,37077.0,160540775.0,23.0,4400.0,4260.0,4326.0,4270.0,4324.0
2018-04-28,38330.0,166398893.0,18.0,4470.0,4222.0,4331.0,4222.0,4326.0
2018-04-29,49933.0,209684536.0,29.0,4225.0,4182.0,4274.0,4184.0,4331.0
2018-04-30,78760.0,340945500.0,23.0,4340.0,4270.0,4311.0,4330.0,4274.0
2018-05-01,11539.0,48631325.0,11.0,4349.0,4205.0,4301.0,4206.0,4311.0
2018-05-05,33521.0,141038014.0,20.0,4280.0,4180.0,4274.0,4180.0,4301.0
2018-05-06,85178.0,347113237.0,73.0,4180.0,4061.0,4128.0,4150.0,4274.0
2018-05-07,52699.0,214990034.0,22.0,4128.0,3940.0,4106.0,4051.0,4128.0
2018-05-08,14674.0,60368178.0,5.0,4250.0,4111.0,4107.0,4112.0,4106.0
2018-05-09,106727.0,428346920.0,17.0,4147.0,4000.0,4021.0,4147.0,4107.0
2018-05-12,23649.0,98953681.0,22.0,4220.0,4120.0,4052.0,4213.0,4021.0
2018-05-13,374693.0,1590369677.0,78.0,4254.0,4122.0,4244.0,4150.0,4052.0
2018-05-14,289342.0,1266805819.0,101.0,4456.0,4216.0,4378.0,4455.0,4244.0
2018-05-15,289708.0,1330662716.0,119.0,4596.0,4400.0,4593.0,4596.0,4378.0
2018-05-16,470649.0,2254641431.0,165.0,4822.0,4651.0,4790.0,4790.0,4593.0
2018-05-19,73814.0,346429871.0,58.0,4899.0,4600.0,4722.0,4700.0,4790.0
2018-05-20,14069.0,64521639.0,20.0,4750.0,4520.0,4704.0,4602.0,4722.0
2018-05-21,53008.0,244901715.0,31.0,4740.0,4500.0,4661.0,4660.0,4704.0
2018-05-22,232326.0,1059628746.0,81.0,4699.0,4431.0,4561.0,4665.0,4661.0
2018-05-23,63911.0,290803765.0,34.0,4720.0,4450.0,4554.0,4514.0,4561.0
2018-05-26,5098.0,23092910.0,10.0,4693.0,4516.0,4553.0,4520.0,4554.0
2018-05-27,10210.0,45552681.0,12.0,4553.0,4411.0,4544.0,4450.0,4553.0
2018-05-28,32033.0,141918348.0,20.0,4549.0,4420.0,4511.0,4427.0,4544.0
2018-05-29,10853.0,48114717.0,14.0,4490.0,4406.0,4503.0,4430.0,4511.0
2018-05-30,99029.0,428294108.0,42.0,4500.0,4278.0,4342.0,4278.0,4503.0
2018-06-02,7449.0,32808195.0,11.0,4490.0,4150.0,4346.0,4466.0,4342.0
2018-06-03,1069538.0,4670293219.0,164.0,4549.0,4178.0,4367.0,4530.0,4346.0
2018-06-09,19956.0,90545884.0,20.0,4585.0,4357.0,4397.0,4375.0,4367.0
2018-06-10,156169.0,719099590.0,50.0,4616.0,4300.0,4605.0,4616.0,4397.0
2018-06-11,221193.0,1068175625.0,83.0,4835.0,4631.0,4829.0,4835.0,4605.0
2018-06-12,8912.0,42171374.0,18.0,4948.0,4666.0,4821.0,4674.0,4829.0
2018-06-13,112036.0,542717914.0,46.0,4950.0,4650.0,4844.0,4899.0,4821.0
2018-06-17,53719.0,262703892.0,33.0,5040.0,4821.0,4868.0,4900.0,4844.0
2018-06-18,113875.0,537750038.0,59.0,4900.0,4625.0,4722.0,4625.0,4868.0
2018-06-19,150274.0,675572147.0,68.0,4798.0,4486.0,4496.0,4486.0,4722.0
2018-06-20,248397.0,1085355413.0,68.0,4506.0,4302.0,4369.0,4360.0,4496.0
2018-06-23,99353.0,446580671.0,45.0,4529.0,4450.0,4478.0,4529.0,4369.0
2018-06-24,183676.0,813736421.0,64.0,4587.0,4276.0,4430.0,4483.0,4478.0
2018-06-25,158838.0,711571321.0,59.0,4600.0,4401.0,4480.0,4480.0,4430.0
2018-06-26,30280.0,138472860.0,24.0,4651.0,4460.0,4505.0,4502.0,4480.0
2018-06-27,31353.0,138704069.0,17.0,4600.0,4362.0,4483.0,4365.0,4505.0
2018-07-03,73542.0,321789296.0,31.0,4381.0,4365.0,4376.0,4380.0,4173.0
2018-07-04,9370.0,40533188.0,16.0,4380.0,4301.0,4372.0,4301.0,4376.0
2018-07-07,31340.0,132642769.0,14.0,4241.0,4201.0,4334.0,4240.0,4372.0
2018-07-08,27453.0,116853709.0,14.0,4300.0,4218.0,4315.0,4300.0,4334.0
2018-07-10,44828.0,191232849.0,28.0,4354.0,4105.0,4296.0,4354.0,4315.0
2018-07-11,136885.0,565179207.0,37.0,4230.0,4085.0,4129.0,4230.0,4296.0
2018-07-14,51671.0,212891048.0,21.0,4300.0,4050.0,4125.0,4050.0,4129.0
2018-07-15,20016.0,84489723.0,13.0,4299.0,4033.0,4141.0,4299.0,4125.0
2018-07-16,250.0,1072500.0,1.0,4290.0,4290.0,4141.0,4290.0,4141.0
2018-07-17,4530.0,19345505.0,7.0,4288.0,4100.0,4146.0,4279.0,4141.0
2018-07-18,21071.0,84722594.0,21.0,4200.0,4005.0,4124.0,4200.0,4146.0
2018-07-21,88158.0,353507457.0,37.0,4025.0,3960.0,4041.0,3960.0,4124.0
2018-07-22,25494.0,100982024.0,21.0,4087.0,3942.0,4024.0,4087.0,4041.0
2018-07-23,7020.0,27623502.0,8.0,3950.0,3920.0,4019.0,3920.0,4024.0
2018-07-24,61910.0,239243883.0,31.0,4050.0,3832.0,3940.0,3840.0,4019.0
2018-07-25,19620.0,77097560.0,15.0,4060.0,3802.0,3938.0,4016.0,3940.0
2018-07-28,6771.0,26637671.0,7.0,4054.0,3911.0,3938.0,3911.0,3938.0
2018-07-29,95759.0,368105433.0,48.0,3926.0,3760.0,3867.0,3786.0,3938.0
2018-07-30,106655.0,396052802.0,68.0,3815.0,3674.0,3738.0,3674.0,3867.0
2018-07-31,161813.0,633416876.0,61.0,3924.0,3850.0,3914.0,3924.0,3738.0
2018-08-01,127010.0,502181122.0,52.0,4100.0,3870.0,3954.0,4020.0,3914.0
2018-08-04,32239.0,122156902.0,15.0,3999.0,3757.0,3912.0,3757.0,3954.0
2018-08-05,1200580.0,4477212028.0,198.0,3894.0,3717.0,3729.0,3892.0,3912.0
2018-08-06,158002.0,587590633.0,46.0,3900.0,3610.0,3719.0,3624.0,3729.0
2018-08-07,35348.0,129945072.0,22.0,3875.0,3660.0,3707.0,3721.0,3719.0
2018-08-08,104921.0,399774326.0,26.0,3839.0,3723.0,3793.0,3825.0,3707.0
2018-08-11,39715.0,149035562.0,21.0,3900.0,3711.0,3781.0,3750.0,3793.0
2018-08-12,38927.0,147042614.0,18.0,3870.0,3750.0,3780.0,3750.0,3781.0
2018-08-13,256008.0,994302215.0,61.0,3949.0,3770.0,3884.0,3949.0,3780.0
2018-08-14,395297.0,1602759333.0,54.0,4078.0,3900.0,4055.0,4078.0,3884.0
2018-08-15,359927.0,1531053189.0,117.0,4257.0,4107.0,4254.0,4257.0,4055.0
2018-08-18,377877.0,1679419235.0,120.0,4466.0,4318.0,4444.0,4466.0,4254.0
2018-08-19,170911.0,748511902.0,84.0,4600.0,4321.0,4380.0,4350.0,4444.0
2018-08-20,116909.0,514859684.0,58.0,4570.0,4323.0,4404.0,4355.0,4380.0
2018-08-21,58437.0,254661958.0,43.0,4463.0,4303.0,4381.0,4311.0,4404.0
2018-08-25,469945.0,2136271975.0,86.0,4600.0,4302.0,4546.0,4600.0,4381.0
2018-08-26,392219.0,1868404112.0,102.0,4773.0,4663.0,4764.0,4773.0,4546.0
2018-08-27,283625.0,1365013038.0,83.0,4980.0,4526.0,4813.0,4526.0,4764.0
2018-08-28,166200.0,766517287.0,46.0,4950.0,4574.0,4612.0,4600.0,4813.0
2018-08-29,242911.0,1172999643.0,85.0,4841.0,4650.0,4829.0,4841.0,4612.0
2018-09-01,302789.0,1533554178.0,105.0,5070.0,4975.0,5065.0,5070.0,4829.0
2018-09-02,39422.0,200555482.0,30.0,5317.0,4960.0,5074.0,5040.0,5065.0
2018-09-03,166859.0,871288366.0,62.0,5264.0,5000.0,5222.0,5189.0,5074.0
2018-09-04,122548.0,655815740.0,56.0,5450.0,5231.0,5352.0,5320.0,5222.0
2018-09-05,36356.0,194829395.0,21.0,5490.0,5302.0,5354.0,5370.0,5352.0
2018-09-08,467282.0,2580783806.0,158.0,5621.0,5400.0,5523.0,5621.0,5354.0
2018-09-09,118603.0,686112470.0,58.0,5799.0,5555.0,5785.0,5799.0,5523.0
2018-09-10,444355.0,2654538310.0,163.0,6074.0,5787.0,5974.0,6074.0,5785.0
2018-09-11,777435.0,4876067839.0,201.0,6272.0,6270.0,6272.0,6272.0,5974.0
2018-09-12,71602.0,471499170.0,30.0,6585.0,6585.0,6512.0,6585.0,6272.0
2018-09-15,198167.0,1387532068.0,91.0,7178.0,6837.0,7002.0,6860.0,6512.0
2018-09-18,333683.0,2552676509.0,118.0,7719.0,7352.0,7650.0,7719.0,7002.0
2018-09-22,605861.0,4789413681.0,227.0,8032.0,7650.0,7905.0,8000.0,7650.0
2018-09-23,728147.0,5998148479.0,269.0,8300.0,8080.0,8238.0,8200.0,7905.0
2018-09-24,561570.0,4728393800.0,228.0,8550.0,8250.0,8420.0,8420.0,8238.0
2018-09-25,1135356.0,9880740321.0,303.0,8841.0,8400.0,8703.0,8838.0,8420.0
2018-09-26,281626.0,2533782854.0,115.0,9100.0,8850.0,8997.0,8850.0,8703.0
2018-09-29,477821.0,4241825532.0,253.0,9115.0,8550.0,8877.0,8900.0,8997.0
2018-09-30,840563.0,7499316610.0,308.0,9050.0,8790.0,8922.0,8900.0,8877.0
2018-10-01,544123.0,4669353686.0,161.0,8815.0,8476.0,8581.0,8678.0,8922.0
2018-10-02,138036.0,1125294728.0,40.0,8154.0,8152.0,8152.0,8152.0,8581.0
2018-10-03,532437.0,4123726865.0,108.0,7754.0,7745.0,7745.0,7745.0,8152.0
2018-10-06,221296.0,1635819926.0,66.0,7745.0,7358.0,7392.0,7358.0,7745.0
2018-10-07,41086.0,288546978.0,4.0,7023.0,7023.0,7157.0,7023.0,7392.0
2018-10-08,27869.0,189509200.0,10.0,6800.0,6800.0,7003.0,6800.0,7157.0
2018-10-09,652293.0,4346379953.0,143.0,6800.0,6653.0,6663.0,6657.0,7003.0
2018-10-10,28965.0,183376849.0,31.0,6350.0,6330.0,6514.0,6330.0,6663.0
2018-10-13,29324.0,181486236.0,8.0,6189.0,6189.0,6390.0,6189.0,6514.0
2018-10-14,10340.0,62774140.0,4.0,6071.0,6071.0,6347.0,6071.0,6390.0
2018-10-15,448789.0,2708983505.0,121.0,6319.0,6030.0,6036.0,6031.0,6347.0
2018-10-16,184290.0,1167789530.0,25.0,6337.0,6336.0,6337.0,6337.0,6036.0
2018-10-17,343945.0,2217929577.0,78.0,6653.0,6040.0,6449.0,6350.0,6337.0
2018-10-20,363864.0,2463169942.0,66.0,6771.0,6700.0,6769.0,6771.0,6449.0
2018-10-21,226535.0,1544890161.0,58.0,7070.0,6655.0,6820.0,6799.0,6769.0
2018-10-22,648960.0,4588228160.0,155.0,7161.0,6900.0,7070.0,7161.0,6820.0
2018-10-23,86866.0,615952531.0,36.0,7420.0,6815.0,7091.0,6999.0,7070.0
2018-10-24,504954.0,3405583641.0,70.0,6999.0,6737.0,6744.0,6737.0,7091.0
2018-10-27,134750.0,917816078.0,34.0,6922.0,6424.0,6811.0,6900.0,6744.0
2018-10-28,414361.0,2938114256.0,113.0,7151.0,6501.0,7091.0,7151.0,6811.0
2018-10-29,175249.0,1281958309.0,58.0,7435.0,7220.0,7315.0,7220.0,7091.0
2018-10-31,176540.0,1270527359.0,43.0,7677.0,6950.0,7197.0,6950.0,7315.0
2018-11-03,49061.0,335601064.0,39.0,7064.0,6838.0,6945.0,6838.0,7197.0
2018-11-04,44245.0,307535112.0,22.0,7100.0,6655.0,6949.0,6898.0,6945.0
2018-11-05,53855.0,376192461.0,28.0,7080.0,6750.0,6977.0,6784.0,6949.0
2018-11-06,99420.0,676230706.0,54.0,6830.0,6796.0,6802.0,6830.0,6977.0
2018-11-10,80139.0,551799819.0,34.0,7050.0,6800.0,6886.0,7050.0,6802.0
2018-11-11,92251.0,648142251.0,53.0,7070.0,6900.0,7026.0,6921.0,6886.0
2018-11-12,274000.0,1930566625.0,59.0,7145.0,6910.0,7046.0,7140.0,7026.0
2018-11-13,269907.0,1917837980.0,43.0,7150.0,6900.0,7106.0,7100.0,7046.0
2018-11-14,279027.0,1958680200.0,37.0,7100.0,6751.0,7020.0,7100.0,7106.0
2018-11-17,315500.0,2225461438.0,65.0,7100.0,6901.0,7054.0,7000.0,7020.0
2018-11-18,108983.0,754746809.0,26.0,7185.0,6800.0,6925.0,6850.0,7054.0
2018-11-19,137796.0,937713287.0,67.0,7000.0,6760.0,6805.0,7000.0,6925.0
2018-11-20,309614.0,2166288449.0,56.0,7100.0,6900.0,6997.0,7040.0,6805.0
2018-11-21,164712.0,1165620918.0,31.0,7145.0,6726.0,7077.0,7142.0,6997.0
2018-11-24,11662.0,81889190.0,9.0,7199.0,7000.0,7068.0,7000.0,7077.0
2018-11-26,7590.0,52414130.0,14.0,7197.0,6755.0,7051.0,6759.0,7068.0
2018-11-27,38037.0,263316892.0,18.0,7100.0,6711.0,6982.0,6834.0,7051.0
2018-11-28,177598.0,1186744338.0,27.0,6834.0,6633.0,6682.0,6633.0,6982.0
2018-12-01,147474.0,936554140.0,24.0,6355.0,6348.0,6351.0,6348.0,6682.0
2018-12-02,44159.0,274484194.0,21.0,6350.0,6050.0,6271.0,6210.0,6351.0
2018-12-03,23766.0,151057256.0,19.0,6470.0,6300.0,6298.0,6300.0,6271.0
2018-12-04,172532.0,1140504893.0,69.0,6612.0,6350.0,6610.0,6612.0,6298.0
2018-12-05,25086.0,163969413.0,21.0,6939.0,6350.0,6585.0,6500.0,6610.0
2018-12-08,34192.0,222242306.0,18.0,6644.0,6480.0,6547.0,6644.0,6585.0
2018-12-09,258496.0,1775990950.0,53.0,6874.0,6600.0,6870.0,6874.0,6547.0
2018-12-10,321958.0,2314083579.0,64.0,7213.0,7100.0,7188.0,7213.0,6870.0
2018-12-11,26460.0,193526335.0,22.0,7547.0,7189.0,7232.0,7253.0,7188.0
2018-12-12,36998.0,263096874.0,27.0,7350.0,6900.0,7173.0,7000.0,7232.0
2018-12-15,30773.0,217151870.0,23.0,7100.0,6850.0,7122.0,7050.0,7173.0
2018-12-16,46080.0,319375363.0,37.0,7100.0,6800.0,6996.0,7000.0,7122.0
2018-12-17,71389.0,496337934.0,30.0,7000.0,6656.0,6953.0,7000.0,6996.0
2018-12-18,26529.0,185851850.0,17.0,7100.0,6953.0,6973.0,7000.0,6953.0
2018-12-19,6531.0,45261806.0,6.0,7050.0,6666.0,6969.0,6668.0,6973.0
2018-12-22,29198.0,203676932.0,19.0,7001.0,6621.0,6972.0,6805.0,6969.0
2018-12-23,485449.0,3533366509.0,86.0,7320.0,7000.0,7279.0,7320.0,6972.0
2018-12-24,144779.0,1092815758.0,37.0,7600.0,7000.0,7548.0,7300.0,7279.0
2018-12-25,19737.0,141871349.0,14.0,7387.0,7175.0,7449.0,7250.0,7548.0
2018-12-26,271685.0,1922817903.0,54.0,7189.0,7077.0,7077.0,7189.0,7449.0
2018-12-29,31775.0,222138515.0,16.0,7050.0,6855.0,7038.0,6906.0,7077.0
2018-12-30,114937.0,832783449.0,28.0,7347.0,6900.0,7246.0,7100.0,7038.0
2018-12-31,312672.0,2267421615.0,47.0,7356.0,7021.0,7252.0,7299.0,7246.0
2019-01-01,578216.0,4370478767.0,120.0,7614.0,7200.0,7559.0,7613.0,7252.0
2019-01-02,205593.0,1597117894.0,54.0,7920.0,7350.0,7768.0,7699.0,7559.0
2019-01-05,165873.0,1248008721.0,30.0,7650.0,7400.0,7524.0,7500.0,7768.0
2019-01-06,10000.0,73000000.0,1.0,7300.0,7300.0,7489.0,7300.0,7524.0
2019-01-07,87863.0,631995144.0,23.0,7420.0,7115.0,7193.0,7420.0,7489.0
2019-01-08,54616.0,396445190.0,21.0,7300.0,7200.0,7249.0,7250.0,7193.0
2019-01-09,65700.0,468650190.0,18.0,7400.0,7030.0,7133.0,7151.0,7249.0
2019-01-12,271577.0,2012064796.0,49.0,7489.0,7050.0,7409.0,7201.0,7133.0
2019-01-13,187435.0,1434205717.0,38.0,7760.0,7250.0,7652.0,7400.0,7409.0
2019-01-14,515343.0,3984525552.0,85.0,7800.0,7400.0,7732.0,7650.0,7652.0
2019-01-15,253559.0,1972858926.0,58.0,8110.0,7600.0,7781.0,7699.0,7732.0
2019-01-16,143194.0,1063553037.0,71.0,7650.0,7392.0,7427.0,7392.0,7781.0
2019-01-19,287390.0,2044711870.0,135.0,7470.0,7056.0,7115.0,7070.0,7427.0
2019-01-20,100294.0,732691717.0,59.0,7469.0,7075.0,7305.0,7302.0,7115.0
2019-01-21,74527.0,520682997.0,65.0,7279.0,6940.0,6987.0,6950.0,7305.0
2019-01-22,14069.0,98212126.0,31.0,7104.0,6800.0,6986.0,7000.0,6987.0
2019-01-23,68505.0,487442460.0,91.0,7197.0,6868.0,7115.0,7092.0,6986.0
2019-01-29,0.0,0.0,0.0,0.0,0.0,5258.0,5242.0,5258.0
2019-01-30,134324.0,741468480.0,25.0,5520.0,5520.0,5520.0,5520.0,5258.0
2019-02-02,538418.0,3120670728.0,133.0,5796.0,5796.0,5796.0,5796.0,5520.0
2019-02-03,306870.0,1727629813.0,104.0,6000.0,5507.0,5630.0,5507.0,5796.0
2019-02-04,236030.0,1285087930.0,79.0,5700.0,5349.0,5445.0,5349.0,5630.0
2019-02-05,131993.0,687160824.0,69.0,5291.0,5180.0,5206.0,5291.0,5445.0
2019-02-06,12300.0,62884035.0,18.0,5260.0,5011.0,5193.0,5176.0,5206.0
2019-02-10,144324.0,767578515.0,49.0,5433.0,5200.0,5318.0,5394.0,5193.0
2019-02-12,151422.0,820892554.0,58.0,5530.0,5260.0,5421.0,5500.0,5318.0
2019-02-13,277212.0,1461678343.0,98.0,5500.0,5150.0,5273.0,5221.0,5421.0
2019-02-16,45914.0,244776507.0,46.0,5410.0,5280.0,5301.0,5285.0,5273.0
2019-02-17,201074.0,1059205485.0,74.0,5440.0,5100.0,5268.0,5151.0,5301.0
2019-02-18,277090.0,1465437492.0,125.0,5450.0,5011.0,5289.0,5223.0,5268.0
2019-02-19,189592.0,993595643.0,86.0,5400.0,5150.0,5241.0,5250.0,5289.0
2019-02-20,138103.0,709412119.0,81.0,5200.0,5120.0,5137.0,5180.0,5241.0
2019-02-23,148898.0,772890875.0,52.0,5299.0,5140.0,5191.0,5176.0,5137.0
2019-02-24,36686.0,192551963.0,44.0,5380.0,5183.0,5213.0,5200.0,5191.0
2019-02-25,105176.0,550622820.0,76.0,5360.0,5181.0,5235.0,5240.0,5213.0
2019-02-26,45215.0,235202233.0,41.0,5248.0,5169.0,5220.0,5200.0,5235.0
2019-02-27,63461.0,333006961.0,37.0,5270.0,5205.0,5238.0,5220.0,5220.0
2019-03-02,53765.0,277923202.0,40.0,5271.0,5145.0,5199.0,5152.0,5238.0
2019-03-03,133095.0,686820548.0,68.0,5290.0,5109.0,5160.0,5174.0,5199.0
2019-03-04,27530.0,141790269.0,34.0,5200.0,5081.0,5157.0,5150.0,5160.0
2019-03-05,105816.0,540696832.0,85.0,5188.0,5059.0,5110.0,5100.0,5157.0
2019-03-06,127804.0,656639500.0,59.0,5200.0,5051.0,5138.0,5099.0,5110.0
2019-03-09,30799.0,156661827.0,21.0,5120.0,5052.0,5122.0,5074.0,5138.0
2019-03-10,104549.0,528357213.0,42.0,5150.0,5011.0,5054.0,5032.0,5122.0
2019-03-11,44509.0,225900734.0,39.0,5155.0,5039.0,5064.0,5039.0,5054.0
2019-03-12,258764.0,1309679813.0,107.0,5220.0,4985.0,5061.0,5198.0,5064.0
2019-03-13,57763.0,296421077.0,55.0,5224.0,5104.0,5103.0,5110.0,5061.0
2019-03-16,1017249.0,5381640442.0,221.0,5358.0,5100.0,5290.0,5358.0,5103.0
2019-03-17,268309.0,1434258993.0,144.0,5469.0,5200.0,5346.0,5310.0,5290.0
2019-03-18,314176.0,1673588531.0,135.0,5400.0,5281.0,5327.0,5281.0,5346.0
2019-03-19,553992.0,2889112152.0,170.0,5400.0,5165.0,5215.0,5166.0,5327.0
2019-03-25,219449.0,1169789814.0,103.0,5368.0,5288.0,5331.0,5368.0,5215.0
2019-03-26,364218.0,2023787292.0,114.0,5597.0,5371.0,5557.0,5597.0,5331.0
2019-03-27,531133.0,3044556067.0,202.0,5834.0,5610.0,5732.0,5650.0,5557.0
2019-03-30,350626.0,1985822973.0,163.0,5830.0,5500.0,5664.0,5710.0,5732.0
2019-03-31,517038.0,2904374831.0,176.0,5828.0,5520.0,5617.0,5650.0,5664.0
2019-04-06,643706.0,3720757693.0,153.0,5840.0,5710.0,5780.0,5723.0,5617.0
2019-04-07,1390158.0,8408816740.0,214.0,6069.0,5800.0,6049.0,6069.0,5780.0
2019-04-08,1452137.0,9220629360.0,153.0,6351.0,6112.0,6350.0,6351.0,6049.0
2019-04-09,223266.0,1488514422.0,54.0,6667.0,6667.0,6667.0,6667.0,6350.0
2019-04-10,672312.0,4706184000.0,107.0,7000.0,7000.0,7000.0,7000.0,6667.0
2019-04-13,1448898.0,10278607595.0,387.0,7329.0,6650.0,7094.0,7020.0,7000.0
2019-04-14,459112.0,3192882521.0,185.0,7120.0,6802.0,6954.0,6905.0,7094.0
2019-04-15,801167.0,5808435314.0,200.0,7301.0,6925.0,7250.0,7301.0,6954.0
2019-04-16,412541.0,3031445066.0,132.0,7609.0,6888.0,7348.0,6911.0,7250.0
2019-04-17,796121.0,5572245514.0,89.0,7300.0,6981.0,6999.0,6981.0,7348.0
2019-04-20,1605008.0,11769140479.0,220.0,7348.0,6981.0,7333.0,7348.0,6999.0
2019-04-22,474442.0,3501173679.0,140.0,7629.0,7000.0,7380.0,7200.0,7333.0
2019-04-23,469363.0,3516127813.0,112.0,7700.0,7200.0,7491.0,7680.0,7380.0
2019-04-24,6425234.0,50514650078.0,415.0,7865.0,7680.0,7862.0,7865.0,7491.0
2019-04-27,6041477.0,49872392635.0,251.0,8255.0,8255.0,8255.0,8255.0,7862.0
2019-04-28,6112399.0,52976162133.0,275.0,8667.0,8667.0,8667.0,8667.0,8255.0
2019-04-29,505283.0,4598075300.0,27.0,9100.0,9100.0,9100.0,9100.0,8667.0
2019-05-04,4661298.0,45454436975.0,571.0,10032.0,9450.0,9751.0,9884.0,9100.0
2019-05-05,3350513.0,31506982225.0,461.0,9880.0,9264.0,9404.0,9500.0,9751.0
2019-05-06,4499290.0,40908947376.0,344.0,9404.0,8934.0,9092.0,8950.0,9404.0
2019-05-07,2130594.0,18462831380.0,244.0,9200.0,8638.0,8666.0,8638.0,9092.0
2019-05-08,1648810.0,14957928258.0,197.0,9099.0,8651.0,9072.0,9099.0,8666.0
2019-05-11,1391632.0,13108072788.0,224.0,9525.0,8920.0,9419.0,9200.0,9072.0
2019-05-12,3243998.0,32022138026.0,320.0,9889.0,9512.0,9871.0,9889.0,9419.0
2019-05-13,62653.0,649335692.0,24.0,10364.0,10364.0,10364.0,10364.0,9871.0
2019-05-14,882294.0,9601123308.0,67.0,10882.0,10882.0,10882.0,10882.0,10364.0
2019-05-15,4012949.0,45150933501.0,716.0,11426.0,10550.0,11251.0,10899.0,10882.0
2019-05-18,2020683.0,21957747411.0,708.0,11300.0,10689.0,10866.0,10689.0,11251.0
2019-05-19,922477.0,9626260010.0,355.0,11100.0,10323.0,10435.0,10494.0,10866.0
2019-05-20,796287.0,8119581507.0,245.0,10450.0,10000.0,10197.0,10430.0,10435.0
2019-05-21,1278316.0,13667561251.0,227.0,10706.0,10500.0,10692.0,10706.0,10197.0
2019-05-22,497491.0,5398213010.0,227.0,11200.0,10220.0,10851.0,10600.0,10692.0
2019-05-25,962503.0,10845731354.0,265.0,11390.0,10752.0,11268.0,11390.0,10851.0
2019-05-26,493240.0,5518613394.0,209.0,11778.0,10811.0,11188.0,11170.0,11268.0
2019-05-28,1272558.0,14096700274.0,366.0,11650.0,10629.0,11077.0,10750.0,11188.0
2019-05-29,1081922.0,11692135856.0,297.0,11150.0,10524.0,10807.0,10900.0,11077.0
2019-06-01,343972.0,3628506505.0,194.0,10935.0,10267.0,10549.0,10690.0,10807.0
2019-06-02,1841228.0,19438574258.0,379.0,10950.0,10069.0,10557.0,10870.0,10549.0
2019-06-03,209160.0,2318329440.0,42.0,11084.0,11084.0,11084.0,11084.0,10557.0
2019-06-08,309856.0,3606104128.0,49.0,11638.0,11638.0,11638.0,11638.0,11084.0
2019-06-09,49852.0,609141588.0,19.0,12219.0,12219.0,12219.0,12219.0,11638.0
2019-06-10,1952006.0,25020390619.0,369.0,12829.0,11650.0,12818.0,12829.0,12219.0
2019-06-11,862753.0,11436776120.0,264.0,13458.0,12221.0,13256.0,13016.0,12818.0
2019-06-12,677584.0,8637662766.0,288.0,13270.0,12594.0,12748.0,12600.0,13256.0
2019-06-15,459412.0,5597368215.0,194.0,12650.0,12111.0,12184.0,12111.0,12748.0
2019-06-16,362763.0,4320858191.0,143.0,12222.0,11575.0,11911.0,11575.0,12184.0
2019-06-17,1188263.0,13465014188.0,294.0,11989.0,11316.0,11332.0,11327.0,11911.0
2019-06-18,309565.0,3593636512.0,118.0,11898.0,10768.0,11609.0,11730.0,11332.0
2019-06-19,696707.0,7700067337.0,129.0,11731.0,11029.0,11052.0,11111.0,11609.0
2019-06-22,224891.0,2448888902.0,67.0,11350.0,10680.0,10889.0,10903.0,11052.0
2019-06-23,419504.0,4589567318.0,124.0,11380.0,10671.0,10940.0,11061.0,10889.0
2019-06-24,291258.0,3296904412.0,100.0,11487.0,11041.0,11320.0,11487.0,10940.0
2019-06-25,810589.0,9595116446.0,185.0,11886.0,11213.0,11837.0,11886.0,11320.0
2019-06-26,386722.0,4638361418.0,200.0,12428.0,11680.0,11994.0,11990.0,11837.0
2019-06-30,325910.0,3845485787.0,145.0,12390.0,11401.0,11799.0,11996.0,11994.0
2019-07-01,522231.0,6380548671.0,192.0,12388.0,11650.0,12218.0,12388.0,11799.0
2019-07-02,1011118.0,12933747581.0,227.0,12828.0,12400.0,12792.0,12828.0,12218.0
2019-07-03,793374.0,10356217822.0,306.0,13333.0,12200.0,13053.0,13198.0,12792.0
2019-07-09,0.0,0.0,0.0,0.0,0.0,11873.0,12018.0,11873.0
2019-07-10,1970742.0,23502944678.0,260.0,12465.0,11842.0,11926.0,12001.0,11873.0
2019-07-13,670372.0,8375759171.0,204.0,12522.0,12002.0,12494.0,12521.0,11926.0
2019-07-14,896491.0,10960740142.0,285.0,13049.0,11870.0,12226.0,11870.0,12494.0
2019-07-15,273282.0,3174170430.0,79.0,11615.0,11615.0,11615.0,11615.0,12226.0
2019-07-16,161927.0,1786864445.0,43.0,11035.0,11035.0,11035.0,11035.0,11615.0
2019-07-17,1926295.0,20308370570.0,356.0,10999.0,10484.0,10543.0,10484.0,11035.0
2019-07-20,2259316.0,22731916663.0,685.0,10540.0,10016.0,10061.0,10017.0,10543.0
2019-07-21,666710.0,6963407237.0,386.0,10564.0,10000.0,10444.0,10520.0,10061.0
2019-07-22,626945.0,6852579496.0,289.0,10966.0,10700.0,10930.0,10800.0,10444.0
2019-07-23,527225.0,5483282378.0,275.0,11035.0,10384.0,10400.0,10384.0,10930.0
2019-07-24,1249797.0,12468744147.0,389.0,10500.0,9880.0,9977.0,9880.0,10400.0
2019-07-27,941291.0,9516213129.0,385.0,10376.0,9998.0,10110.0,10128.0,9977.0
2019-07-28,977494.0,9929584439.0,374.0,10359.0,9902.0,10158.0,10000.0,10110.0
2019-07-29,439910.0,4438466306.0,237.0,10350.0,9844.0,10089.0,10000.0,10158.0
2019-07-30,451463.0,4463205834.0,348.0,10068.0,9700.0,9886.0,9882.0,10089.0
2019-07-31,363909.0,3646238658.0,250.0,10282.0,9801.0,10020.0,9940.0,9886.0
2019-08-03,644161.0,6441466102.0,273.0,10277.0,9930.0,10000.0,10000.0,10020.0
2019-08-04,2366507.0,23930586248.0,437.0,10500.0,9848.0,10112.0,10500.0,10000.0
2019-08-05,71208.0,756015336.0,34.0,10617.0,10617.0,10617.0,10617.0,10112.0
2019-08-06,49900.0,556235300.0,33.0,11147.0,11147.0,11147.0,11147.0,10617.0
2019-08-07,441182.0,5163594128.0,108.0,11704.0,11704.0,11704.0,11704.0,11147.0
2019-08-10,8224405.0,100902556823.0,1325.0,12289.0,11600.0,12269.0,12289.0,11704.0
2019-08-11,3976378.0,50103994632.0,1096.0,12882.0,11955.0,12600.0,12882.0,12269.0
2019-08-13,2956512.0,38324417996.0,740.0,13230.0,12015.0,12963.0,13230.0,12600.0
2019-08-14,1682505.0,22885515528.0,419.0,13611.0,13200.0,13602.0,13611.0,12963.0
2019-08-17,2675327.0,38172063024.0,700.0,14282.0,13701.0,14268.0,14282.0,13602.0
2019-08-18,1485296.0,22105089867.0,430.0,14981.0,14090.0,14883.0,14981.0,14268.0
2019-08-19,33955.0,524468075.0,31.0,15570.0,15200.0,15267.0,15530.0,14883.0
2019-08-25,4068957.0,67239762038.0,855.0,16831.0,16030.0,16525.0,16831.0,15267.0
2019-08-26,87190.0,1512833690.0,43.0,17351.0,17351.0,17351.0,17351.0,16525.0
2019-08-27,2683643.0,48890608174.0,191.0,18218.0,18218.0,18218.0,18218.0,17351.0
2019-08-28,4723185.0,89906095411.0,862.0,19128.0,17352.0,19035.0,19128.0,18218.0
2019-08-31,4149286.0,78935940384.0,1370.0,19986.0,18084.0,19024.0,18490.0,19035.0
2019-09-01,4025009.0,76408791796.0,1048.0,19700.0,18073.0,18984.0,19700.0,19024.0
2019-09-02,3066665.0,59319405862.0,777.0,19899.0,18602.0,19343.0,19576.0,18984.0
2019-09-03,2042060.0,40154231287.0,600.0,19980.0,19263.0,19664.0,19800.0,19343.0
2019-09-04,2814245.0,57969445989.0,443.0,20647.0,19210.0,20599.0,20647.0,19664.0
2019-09-07,1292234.0,27948436952.0,136.0,21628.0,21628.0,21628.0,21628.0,20599.0
2019-09-08,709877.0,16120596793.0,85.0,22709.0,22709.0,22709.0,22709.0,21628.0
2019-09-11,7171217.0,167001053078.0,1623.0,23844.0,21574.0,23288.0,23844.0,22709.0
2019-09-14,1871860.0,45419894834.0,846.0,24452.0,23293.0,24265.0,24452.0,23288.0
2019-09-15,1790134.0,44246696330.0,643.0,25398.0,23054.0,24717.0,25100.0,24265.0
2019-09-16,17441.0,437784445.0,6.0,25145.0,25100.0,24851.0,25100.0,24717.0
2019-09-21,1674732.0,39936255120.0,666.0,24899.0,23655.0,23846.0,23655.0,24851.0
2019-09-22,3021825.0,75233752991.0,746.0,25038.0,23654.0,24897.0,25000.0,23846.0
2019-09-23,1098499.0,27526837334.0,596.0,26100.0,24217.0,25059.0,24699.0,24897.0
2019-09-24,484232.0,11580945513.0,295.0,24690.0,23807.0,23916.0,23807.0,25059.0
2019-09-25,2885710.0,66236731331.0,1011.0,24179.0,22721.0,22953.0,22801.0,23916.0
2019-09-28,2562990.0,56869449616.0,1109.0,23755.0,21901.0,22189.0,22300.0,22953.0
2019-09-29,1636575.0,35067017788.0,708.0,22359.0,21080.0,21427.0,21600.0,22189.0
2019-09-30,629025.0,13770803755.0,515.0,22400.0,21449.0,21892.0,21500.0,21427.0
2019-10-01,743677.0,15591581587.0,519.0,22000.0,20798.0,20966.0,20798.0,21892.0
2019-10-02,3460482.0,70082863045.0,946.0,21000.0,19918.0,20252.0,20500.0,20966.0
2019-10-05,2672274.0,56682062182.0,1037.0,21264.0,20500.0,21211.0,21264.0,20252.0
2019-10-06,1300945.0,27456958632.0,680.0,21989.0,20151.0,21105.0,21300.0,21211.0
2019-10-07,3642037.0,80453848265.0,833.0,22160.0,21000.0,22090.0,22160.0,21105.0
2019-10-08,1244622.0,27168497644.0,585.0,23190.0,20986.0,21829.0,20986.0,22090.0
2019-10-09,1926945.0,41427728031.0,531.0,22900.0,20738.0,21499.0,22500.0,21829.0
2019-10-12,2240118.0,50011958353.0,815.0,22573.0,21100.0,22326.0,22573.0,21499.0
2019-10-13,911338.0,19729535201.0,470.0,23100.0,21210.0,21649.0,21221.0,22326.0
2019-10-14,274645.0,5653964537.0,128.0,21669.0,20567.0,20586.0,20567.0,21649.0
2019-10-15,598095.0,11823639649.0,128.0,20550.0,19557.0,19769.0,19557.0,20586.0
2019-10-16,409412.0,7689218087.0,133.0,19495.0,18781.0,18781.0,18781.0,19769.0
2019-10-20,62852.0,1121405384.0,31.0,17842.0,17842.0,17842.0,17842.0,18781.0
2019-10-21,834507.0,14153670185.0,312.0,17842.0,16950.0,16961.0,16950.0,17842.0
2019-10-22,1209487.0,20488224331.0,472.0,17809.0,16113.0,16940.0,17300.0,16961.0
2019-10-23,458737.0,7421418929.0,190.0,17200.0,16093.0,16178.0,16200.0,16940.0
2019-10-26,442452.0,7168423819.0,193.0,16500.0,15500.0,16202.0,16290.0,16178.0
2019-10-28,223737.0,3796656920.0,89.0,17012.0,16252.0,16969.0,17012.0,16202.0
2019-10-30,50540.0,900471180.0,23.0,17817.0,17817.0,17817.0,17817.0,16969.0
2019-11-02,2900315.0,54066942159.0,605.0,18707.0,17920.0,18642.0,18552.0,17817.0
2019-11-03,804529.0,15584371152.0,267.0,19500.0,18060.0,19371.0,19449.0,18642.0
2019-11-04,643892.0,12191104678.0,343.0,20128.0,18403.0,18933.0,18770.0,19371.0
2019-11-05,705627.0,13369172290.0,239.0,19469.0,18070.0,18947.0,19380.0,18933.0
2019-11-09,1075737.0,20459362480.0,357.0,19775.0,18203.0,19019.0,19399.0,18947.0
2019-11-10,590230.0,11206001579.0,253.0,19580.0,18245.0,18986.0,19119.0,19019.0
2019-11-11,1353543.0,26768860870.0,356.0,19935.0,18999.0,19777.0,19935.0,18986.0
2019-11-12,544029.0,10832502079.0,275.0,20700.0,19000.0,19912.0,19869.0,19777.0
2019-11-13,432562.0,8673741301.0,256.0,20650.0,19400.0,20052.0,19999.0,19912.0
2019-11-16,178634.0,3416990130.0,162.0,20398.0,19050.0,19128.0,19050.0,20052.0
2019-11-17,43265.0,786211580.0,35.0,18172.0,18172.0,18298.0,18172.0,19128.0
2019-11-18,5508118.0,96019203569.0,753.0,18300.0,17384.0,17432.0,18300.0,18298.0
2019-11-19,213346.0,3904871838.0,36.0,18303.0,18303.0,18303.0,18303.0,17432.0
2019-11-20,46651.0,896538918.0,58.0,19218.0,19218.0,19159.0,19218.0,18303.0
2019-11-23,2347841.0,47202290708.0,365.0,20116.0,19750.0,20105.0,20116.0,19159.0
2019-11-24,3185031.0,66020835099.0,1096.0,21110.0,19902.0,20728.0,21110.0,20105.0
2019-11-25,1198339.0,25942702239.0,551.0,21764.0,21000.0,21649.0,21764.0,20728.0
2019-11-26,603080.0,12945236451.0,550.0,22657.0,20752.0,21465.0,21680.0,21649.0
2019-11-27,2500700.0,55868500801.0,850.0,22538.0,20766.0,22341.0,22538.0,21465.0
2019-11-30,851595.0,19958246302.0,339.0,23458.0,23000.0,23436.0,23458.0,22341.0
2019-12-01,2481302.0,59916510737.0,1075.0,24607.0,23000.0,24147.0,23520.0,23436.0
2019-12-02,3666661.0,86015169736.0,1107.0,24770.0,22940.0,23459.0,24280.0,24147.0
2019-12-03,733628.0,17854291033.0,443.0,24629.0,23500.0,24337.0,24605.0,23459.0
2019-12-04,1203953.0,30036729150.0,469.0,25300.0,24100.0,24948.0,25300.0,24337.0
2019-12-07,443401.0,11112679408.0,428.0,25999.0,24159.0,25062.0,24935.0,24948.0
2019-12-08,2281507.0,58387157762.0,857.0,26315.0,24204.0,25591.0,26315.0,25062.0
2019-12-09,71703.0,1926253420.0,67.0,26870.0,26321.0,26864.0,26321.0,25591.0
2019-12-14,3099891.0,89864775192.0,916.0,29617.0,28207.0,28990.0,29617.0,26864.0
2019-12-15,1164745.0,34318621059.0,647.0,30330.0,29000.0,29464.0,29305.0,28990.0
2019-12-16,1345321.0,39297911389.0,535.0,30050.0,28000.0,29211.0,28711.0,29464.0
2019-12-17,2245806.0,68390929983.0,716.0,30671.0,29054.0,30453.0,30671.0,29211.0
2019-12-18,1030657.0,31891507074.0,439.0,31964.0,30111.0,30943.0,30750.0,30453.0
2019-12-21,1767322.0,52337883050.0,759.0,31480.0,29396.0,29614.0,29989.0,30943.0
2019-12-22,832147.0,25584254627.0,561.0,31094.0,29004.0,30745.0,30775.0,29614.0
2019-12-23,1026730.0,30700595732.0,573.0,32000.0,29208.0,29901.0,29208.0,30745.0
2019-12-24,383235.0,11301830480.0,330.0,30729.0,28512.0,29491.0,29000.0,29901.0
2019-12-25,751324.0,22065067981.0,521.0,30200.0,28300.0,29368.0,29966.0,29491.0
2019-12-28,800872.0,24662193522.0,508.0,30836.0,30200.0,30794.0,30836.0,29368.0
2019-12-29,673904.0,20787783526.0,370.0,32000.0,30230.0,30847.0,31140.0,30794.0
2019-12-30,714023.0,22495375926.0,385.0,32301.0,30401.0,31505.0,31023.0,30847.0
2019-12-31,895244.0,26964563708.0,528.0,31523.0,29930.0,30120.0,29957.0,31505.0
2020-01-01,538161.0,16163294775.0,359.0,30867.0,29306.0,30034.0,30370.0,30120.0
2020-01-04,21416.0,611062728.0,33.0,28533.0,28533.0,29389.0,28533.0,30034.0
2020-01-05,3834510.0,112759150423.0,900.0,30858.0,27920.0,29406.0,30858.0,29389.0
2020-01-07,2999889.0,90571341328.0,714.0,30876.0,28002.0,30192.0,30370.0,29406.0
2020-01-08,1439836.0,42967243248.0,404.0,30795.0,29589.0,29842.0,30675.0,30192.0
2020-01-11,6395638.0,194670393321.0,904.0,30438.0,30431.0,30438.0,30438.0,29842.0
2020-01-12,4393029.0,140005654964.0,1264.0,31959.0,31046.0,31870.0,31959.0,30438.0
2020-01-13,2317112.0,77400288801.0,977.0,33463.0,32416.0,33404.0,33463.0,31870.0
2020-01-14,1477215.0,49322819664.0,1286.0,34700.0,31734.0,33389.0,33440.0,33404.0
2020-01-15,1965970.0,65435831231.0,1031.0,34999.0,31900.0,33284.0,33000.0,33389.0
2020-01-18,1281982.0,44189801935.0,737.0,34948.0,33752.0,34470.0,34700.0,33284.0
2020-01-19,715555.0,24515615326.0,480.0,34998.0,33701.0,34261.0,34590.0,34470.0
2020-01-20,959696.0,32977593965.0,726.0,34995.0,33800.0,34363.0,34830.0,34261.0
2020-01-21,1283028.0,45935899577.0,771.0,36081.0,34015.0,35803.0,36081.0,34363.0
2020-01-22,1292233.0,48263637840.0,833.0,37593.0,35500.0,37349.0,36350.0,35803.0
2020-01-25,1114565.0,43657214742.0,833.0,39216.0,38900.0,39170.0,39216.0,37349.0
2020-01-26,964318.0,36812703051.0,1022.0,40999.0,37212.0,38175.0,37212.0,39170.0
2020-01-27,1732238.0,63430215959.0,1114.0,37700.0,36267.0,36617.0,36899.0,38175.0
2020-01-28,,,,,,36617.0,,36617.0
2020-02-01,,,,,,36617.0,,36617.0
2020-02-02,,,,,,36617.0,,36617.0
2020-02-03,,,,,,36617.0,,36617.0
2020-02-04,,,,,,36617.0,,36617.0
2020-02-05,,,,,,36617.0,,36617.0
2020-02-08,,,,,,36617.0,,36617.0
2020-02-09,,,,,,36617.0,,36617.0
2020-02-10,,,,,,36617.0,,36617.0
2020-02-12,,,,,,36617.0,,36617.0
2020-02-15,,,,,,36617.0,,36617.0
2020-02-16,,,,,,36617.0,,36617.0
2020-02-17,,,,,,36617.0,,36617.0
2020-02-18,3024908.0,127586243480.0,1882.0,43000.0,40850.0,42179.0,40850.0,36617.0
2020-02-19,1225609.0,52286858512.0,1351.0,44201.0,41114.0,42662.0,43522.0,
2020-02-22,1013241.0,41914125928.0,891.0,42649.0,40529.0,41366.0,41113.0,42662.0
2020-02-23,942818.0,40544892304.0,721.0,43433.0,41500.0,43004.0,42705.0,41366.0
2020-02-24,727204.0,30370960322.0,755.0,43433.0,40889.0,41764.0,41200.0,43004.0
2020-02-25,1383689.0,56786932468.0,966.0,42188.0,40001.0,41040.0,42100.0,41764.0
2020-02-26,1378035.0,57816095655.0,946.0,43092.0,40000.0,41955.0,43092.0,41040.0
2020-02-29,1548701.0,67355393575.0,1019.0,44052.0,40000.0,43492.0,44052.0,41955.0
2020-03-01,1876967.0,85625086956.0,1011.0,45666.0,44500.0,45619.0,45666.0,43492.0
2020-03-02,1536278.0,73586034958.0,853.0,47899.0,47825.0,47899.0,47899.0,45619.0
2020-03-03,1197167.0,57224082412.0,1361.0,50293.0,45505.0,47800.0,47910.0,47899.0
2020-03-04,1276880.0,63926526387.0,660.0,50190.0,48000.0,50065.0,50190.0,47800.0
2020-03-07,435908.0,21407314144.0,629.0,50900.0,47936.0,49648.0,49000.0,50065.0
2020-03-09,2435626.0,123199684985.0,1213.0,52130.0,47166.0,50582.0,52130.0,49648.0
2020-03-10,1319678.0,69911870610.0,939.0,53111.0,52100.0,52976.0,53111.0,50582.0
2020-03-11,1082564.0,60199027136.0,1032.0,55624.0,55000.0,55608.0,55624.0,52976.0
2020-03-14,526915.0,28349713109.0,554.0,57450.0,52828.0,54550.0,52828.0,55608.0
2020-03-15,197297.0,10224522431.0,161.0,51823.0,51823.0,53952.0,51823.0,54550.0
2020-03-16,1141980.0,59706347920.0,1152.0,54940.0,51255.0,52283.0,51255.0,53952.0
2020-03-17,1892788.0,95739530070.0,963.0,52799.0,49669.0,50581.0,52490.0,52283.0
2020-03-18,808585.0,42632638111.0,882.0,53110.0,50500.0,52509.0,53110.0,50581.0
2020-03-24,325925.0,16742097907.0,509.0,54099.0,50501.0,52118.0,51960.0,52509.0
2020-03-25,626802.0,31797509002.0,954.0,52000.0,50000.0,51204.0,51113.0,52118.0
2020-03-28,985021.0,52212866174.0,1095.0,53764.0,50000.0,53007.0,53764.0,51204.0
2020-03-29,1022619.0,54999563940.0,909.0,55650.0,51000.0,53783.0,51800.0,53007.0
2020-03-30,583863.0,30177569525.0,786.0,53590.0,51094.0,52529.0,51890.0,53783.0
2020-04-04,889029.0,47483362579.0,1186.0,54999.0,52500.0,53352.0,53006.0,52529.0
2020-04-05,1009402.0,51768398411.0,1247.0,54600.0,50685.0,51286.0,50685.0,53352.0
2020-04-06,959508.0,46844297459.0,1048.0,50308.0,48722.0,48821.0,49000.0,51286.0
2020-04-07,1120168.0,55141893964.0,1265.0,51098.0,46380.0,49226.0,50000.0,
2020-04-08,1296416.0,63795146243.0,1799.0,51550.0,46765.0,49209.0,49499.0,49226.0
2020-04-11,3508074.0,177137723019.0,2081.0,51669.0,46750.0,50494.0,51669.0,49209.0
2020-04-12,3441583.0,179533125396.0,1744.0,53018.0,50500.0,52166.0,53018.0,50494.0
2020-04-13,886096.0,48535022304.0,304.0,54774.0,54774.0,54440.0,54774.0,52166.0
2020-04-14,490574.0,28042190988.0,452.0,57162.0,57162.0,55754.0,57162.0,54440.0
2020-04-15,1893678.0,110856362546.0,965.0,58541.0,57460.0,58540.0,58541.0,55754.0
2020-04-18,1466999.0,88431743367.0,1749.0,61467.0,58600.0,60281.0,61467.0,58540.0
2020-04-19,3262923.0,203137354940.0,2549.0,63295.0,58850.0,62256.0,60501.0,60281.0
2020-04-20,880873.0,56249969910.0,1202.0,65000.0,60200.0,63857.0,63380.0,62256.0
2020-04-21,1570852.0,96274948932.0,1741.0,63600.0,60665.0,61288.0,60710.0,63857.0
2020-04-22,1293059.0,78733256991.0,1790.0,62500.0,58572.0,60889.0,60751.0,61288.0
2020-04-25,1728896.0,110184376830.0,1822.0,63933.0,61100.0,63731.0,63933.0,60889.0
2020-04-26,3429955.0,211385594121.0,3313.0,66915.0,60545.0,61629.0,61630.0,63731.0
2020-04-28,0.0,0.0,0.0,0.0,0.0,61629.0,61630.0,61629.0
2020-04-29,36294.0,2348584740.0,78.0,64710.0,64710.0,64710.0,64710.0,61629.0
2020-05-02,460840.0,31311773800.0,265.0,67945.0,67945.0,66639.0,67945.0,64710.0
2020-05-03,1069995.0,74867550150.0,782.0,69970.0,69970.0,69970.0,69970.0,66639.0
2020-05-04,1934453.0,140085759887.0,2156.0,73468.0,67000.0,72416.0,73468.0,69970.0
2020-05-05,1355894.0,95741678306.0,2012.0,76000.0,68796.0,70611.0,68796.0,72416.0
2020-05-06,1301138.0,87910498304.0,1770.0,70000.0,67081.0,67564.0,67081.0,70611.0
2020-05-09,1388757.0,94835936900.0,2030.0,70900.0,64191.0,68288.0,67399.0,67564.0
2020-05-10,1840874.0,130653970135.0,1190.0,71702.0,67500.0,70974.0,71702.0,68288.0
2020-05-11,2349082.0,171818052404.0,1629.0,74522.0,69900.0,73143.0,72999.0,70974.0
2020-05-12,277417.0,19425104008.0,259.0,74248.0,69486.0,71973.0,69486.0,73143.0
2020-05-13,998337.0,69046199686.0,1140.0,71900.0,68375.0,69161.0,68375.0,71973.0
2020-05-16,447208.0,29442506205.0,344.0,67100.0,65703.0,67104.0,65703.0,69161.0
2020-05-17,774531.0,49390399035.0,770.0,65271.0,63749.0,63768.0,63749.0,67104.0
2020-05-18,1087573.0,71166073018.0,1308.0,66956.0,62494.0,65436.0,66956.0,63768.0
2020-05-19,1249473.0,84368051355.0,1386.0,68707.0,65500.0,67523.0,66999.0,65436.0
2020-05-20,719383.0,46986955881.0,1431.0,68600.0,64761.0,65327.0,65300.0,67523.0
2020-05-23,808252.0,52045308136.0,1036.0,66500.0,63000.0,64392.0,64006.0,65327.0
2020-05-26,1096426.0,67700631655.0,725.0,64400.0,61173.0,61747.0,61173.0,64392.0
2020-05-27,551101.0,34784986984.0,873.0,64834.0,58706.0,62735.0,64834.0,61747.0
2020-05-30,216280.0,14246507071.0,318.0,65871.0,65000.0,63586.0,65000.0,62735.0
2020-05-31,1040411.0,69463040415.0,681.0,66765.0,66765.0,66765.0,66765.0,63586.0
2020-06-01,418987.0,29366048333.0,501.0,70103.0,68500.0,68512.0,70103.0,66765.0
2020-06-02,317160.0,22815538920.0,235.0,71937.0,71937.0,69875.0,71937.0,68512.0
2020-06-06,209211.0,15349392648.0,255.0,73368.0,73368.0,70896.0,73368.0,69875.0
2020-06-07,279624.0,20815210560.0,324.0,74440.0,74440.0,72281.0,74440.0,70896.0
2020-06-08,1445250.0,109534617762.0,1165.0,75895.0,68667.0,75789.0,75790.0,72281.0
2020-06-09,748240.0,59115736483.0,820.0,79578.0,73777.0,79006.0,79578.0,75789.0
2020-06-10,713548.0,59192651681.0,835.0,82956.0,80050.0,82944.0,82956.0,79006.0
2020-06-20,918643.0,79992537090.0,762.0,87090.0,86000.0,87080.0,87090.0,82944.0
2020-06-21,1794129.0,153012058540.0,2208.0,91280.0,82730.0,85280.0,85860.0,87080.0
2020-06-22,1132734.0,98948183770.0,1568.0,89000.0,83850.0,87350.0,87000.0,85280.0
2020-06-23,3513613.0,315761537440.0,2457.0,91710.0,85300.0,89870.0,88340.0,87350.0
2020-06-24,1072082.0,95855125120.0,1126.0,94000.0,85380.0,89410.0,85380.0,89870.0
2020-06-27,1048033.0,94823367590.0,1123.0,93800.0,88000.0,90480.0,90480.0,89410.0
2020-06-28,2094535.0,194011069460.0,1123.0,95000.0,85960.0,92630.0,95000.0,90480.0
2020-06-29,1559438.0,149823056310.0,1283.0,97260.0,92830.0,96080.0,97260.0,92630.0
2020-06-30,1232582.0,124126888160.0,1218.0,100880.0,97310.0,100700.0,100880.0,96080.0
2020-07-01,1059328.0,111587353210.0,1103.0,105730.0,102510.0,105340.0,105730.0,100700.0
2020-07-04,1081383.0,109039064780.0,990.0,108200.0,100080.0,100830.0,100080.0,105340.0
2020-07-05,6177781.0,593467434060.0,3241.0,100830.0,95790.0,96060.0,95790.0,100830.0
2020-07-06,2871775.0,278306287970.0,3179.0,99880.0,92510.0,96910.0,96000.0,96060.0
2020-07-07,3671384.0,357795183260.0,2954.0,101750.0,92070.0,97460.0,101750.0,96910.0
2020-07-08,1440626.0,139319243220.0,1720.0,102330.0,92590.0,96710.0,92590.0,97460.0
2020-07-13,1075608.0,93551788650.0,1086.0,90000.0,86960.0,86980.0,86960.0,91530.0
2020-07-14,2099371.0,185305801540.0,1336.0,91320.0,83010.0,88270.0,91320.0,86980.0
2020-07-15,853479.0,79100433720.0,239.0,92680.0,92680.0,92680.0,92680.0,88270.0
2020-07-18,564641.0,54945215710.0,261.0,97310.0,97310.0,97310.0,97310.0,92680.0
2020-07-19,4120821.0,420291732860.0,2144.0,102170.0,97310.0,101990.0,102170.0,97310.0
2020-07-20,2480342.0,265331036240.0,1530.0,107080.0,103540.0,106970.0,107070.0,101990.0
2020-07-21,1503802.0,167773609860.0,1456.0,112310.0,107510.0,111570.0,112310.0,106970.0
2020-07-22,2031816.0,232465364840.0,1513.0,117140.0,106000.0,114410.0,117040.0,111570.0
2020-07-25,4817953.0,548902399600.0,2376.0,120130.0,108690.0,113930.0,120120.0,114410.0
2020-07-26,999991.0,113517137760.0,1321.0,119620.0,108550.0,113520.0,109500.0,113930.0
2020-07-27,1688322.0,191595608900.0,1224.0,116500.0,108010.0,113480.0,113060.0,113520.0
2020-07-28,1396813.0,157404704830.0,1342.0,116000.0,107850.0,112690.0,115390.0,113480.0
2020-07-29,1220062,141388240920,1340,118320.0,108500.0,115890.0,118320.0,112690.0
2020-08-01,599630,71014802250,922,121640.0,111200.0,118430.0,119000.0,115890.0
2020-08-02,2106608,242525414460,1607,124350.0,114210.0,115130.0,112510.0,118430.0
2020-08-03,437637,47915901100,576,112000.0,109380.0,109490.0,109380.0,115130.0
2020-08-04,888987,92503833420,929,105000.0,104020.0,104060.0,104020.0,109490.0
